
/mnt/data/p119_work/all_b9e4.o:	file format elf64-littleaarch64

Disassembly of section .text:

0000000000000000 <f_d5f8c>:
       0: 6d0123e9     	stp	d9, d8, [sp, #0x10]
       4: a9027bfd     	stp	x29, x30, [sp, #0x20]
       8: a9036ffc     	stp	x28, x27, [sp, #0x30]
       c: a90467fa     	stp	x26, x25, [sp, #0x40]
      10: a9055ff8     	stp	x24, x23, [sp, #0x50]
      14: a90657f6     	stp	x22, x21, [sp, #0x60]
      18: a9074ff4     	stp	x20, x19, [sp, #0x70]
      1c: d10d03ff     	sub	sp, sp, #0x340
      20: 52973c88     	mov	w8, #0xb9e4             // =47588
      24: aa0003f3     	mov	x19, x0
      28: 78686800     	ldrh	w0, [x0, x8]
      2c: 940c7ada     	bl	0x31eb94 <f_841688+0x31a8f4>
      30: b4000100     	cbz	x0, 0x50 <f_d5f8c+0x50>
      34: 5296f388     	mov	w8, #0xb79c             // =47004
      38: 8b08027a     	add	x26, x19, x8
      3c: 79449355     	ldrh	w21, [x26, #0x248]
      40: aa0003f4     	mov	x20, x0
      44: 940c7b04     	bl	0x31ec54 <f_841688+0x31a9b4>
      48: 6b2022bf     	cmp	w21, w0, uxth
      4c: 54000161     	b.ne	0x78 <f_d5f8c+0x78>
      50: 910d03ff     	add	sp, sp, #0x340
      54: 6d4123e9     	ldp	d9, d8, [sp, #0x10]
      58: a9474ff4     	ldp	x20, x19, [sp, #0x70]
      5c: a94657f6     	ldp	x22, x21, [sp, #0x60]
      60: a9455ff8     	ldp	x24, x23, [sp, #0x50]
      64: a94467fa     	ldp	x26, x25, [sp, #0x40]
      68: a9436ffc     	ldp	x28, x27, [sp, #0x30]
      6c: a9427bfd     	ldp	x29, x30, [sp, #0x20]
      70: fc4807ea     	ldr	d10, [sp], #0x80
      74: d65f03c0     	ret
      78: b9424358     	ldr	w24, [x26, #0x240]
      7c: 52974708     	mov	w8, #0xba38             // =47672
      80: 8b08027b     	add	x27, x19, x8
      84: b9423f40     	ldr	w0, [x26, #0x23c]
      88: 2a1803e1     	mov	w1, w24
      8c: 52808b15     	mov	w21, #0x458             // =1112
      90: 72a00035     	movk	w21, #0x1, lsl #16
      94: 941ea854     	bl	0x7aa1e4 <f_841688+0x7a5f44>
      98: 79449357     	ldrh	w23, [x26, #0x248]
      9c: aa0003f6     	mov	x22, x0
      a0: d65f03c0     	ret

00000000000000a4 <f_fb360>:
      a4: 6d0123e9     	stp	d9, d8, [sp, #0x10]
      a8: a9027bfd     	stp	x29, x30, [sp, #0x20]
      ac: a9036ffc     	stp	x28, x27, [sp, #0x30]
      b0: a90467fa     	stp	x26, x25, [sp, #0x40]
      b4: a9055ff8     	stp	x24, x23, [sp, #0x50]
      b8: a90657f6     	stp	x22, x21, [sp, #0x60]
      bc: a9074ff4     	stp	x20, x19, [sp, #0x70]
      c0: d10d03ff     	sub	sp, sp, #0x340
      c4: 52973c88     	mov	w8, #0xb9e4             // =47588
      c8: aa0003f3     	mov	x19, x0
      cc: 78686800     	ldrh	w0, [x0, x8]
      d0: 940be5e5     	bl	0x2f9864 <f_841688+0x2f55c4>
      d4: b4000520     	cbz	x0, 0x178 <f_13ceb8+0x30>
      d8: b0010249     	adrp	x9, 0x2049000 <f_841688+0x2044d60>
      dc: f9466129     	ldr	x9, [x9, #0xcc0]
      e0: 52808b08     	mov	w8, #0x458              // =1112
      e4: 72a00028     	movk	w8, #0x1, lsl #16
      e8: 8b08027c     	add	x28, x19, x8
      ec: 5296f388     	mov	w8, #0xb79c             // =47004
      f0: 8b08027a     	add	x26, x19, x8
      f4: f9400128     	ldr	x8, [x9]
      f8: aa0003f4     	mov	x20, x0
      fc: 9109c100     	add	x0, x8, #0x270
     100: 97ffe908     	bl	0xffffffffffffa520 <f_841688+0xffffffffffff6280>
     104: 340000e0     	cbz	w0, 0x120 <f_fb360+0x7c>
     108: b96f1788     	ldr	w8, [x28, #0x2f14]
     10c: b92f1388     	str	w8, [x28, #0x2f10]
     110: b9606b88     	ldr	w8, [x28, #0x2068]
     114: 7100b11f     	cmp	w8, #0x2c
     118: 54000129     	b.ls	0x13c <f_fb360+0x98>
     11c: 1400000f     	b	0x158 <f_13ceb8+0x10>
     120: bd400e80     	ldr	s0, [x20, #0xc]
     124: bd6f1381     	ldr	s1, [x28, #0x2f10]
     128: 1e202820     	fadd	s0, s1, s0
     12c: bd2f1380     	str	s0, [x28, #0x2f10]
     130: b9606b88     	ldr	w8, [x28, #0x2068]
     134: 7100b11f     	cmp	w8, #0x2c
     138: 54000108     	b.hi	0x158 <f_13ceb8+0x10>
     13c: 52800029     	mov	w9, #0x1                // =1
     140: 9ac82128     	lsl	x8, x9, x8
     144: d65f03c0     	ret

0000000000000148 <f_13ceb8>:
     148: 94088625     	bl	0x2219dc <f_841688+0x21d73c>
     14c: 7103e81f     	cmp	w0, #0xfa
     150: 54000041     	b.ne	0x158 <f_13ceb8+0x10>
     154: 2a1f03f9     	mov	w25, wzr
     158: 5284bc88     	mov	w8, #0x25e4             // =9700
     15c: 72a00028     	movk	w8, #0x1, lsl #16
     160: b8686ae8     	ldr	w8, [x23, x8]
     164: 34000128     	cbz	w8, 0x188 <f_13ceb8+0x40>
     168: 52973c88     	mov	w8, #0xb9e4             // =47588
     16c: 8b0802c8     	add	x8, x22, x8
     170: 79400117     	ldrh	w23, [x8]
     174: b000cba0     	adrp	x0, 0x1975000 <f_841688+0x1970d60>
     178: 91137000     	add	x0, x0, #0x4dc
     17c: 940adf1d     	bl	0x2b7df0 <f_841688+0x2b3b50>
     180: 6b2022ff     	cmp	w23, w0, uxth
     184: 54000100     	b.eq	0x1a4 <f_13ceb8+0x5c>
     188: 340000f9     	cbz	w25, 0x1a4 <f_13ceb8+0x5c>
     18c: f94002c8     	ldr	x8, [x22]
     190: aa1603e0     	mov	x0, x22
     194: f9483d08     	ldr	x8, [x8, #0x1078]
     198: d63f0100     	blr	x8
     19c: aa1603e0     	mov	x0, x22
     1a0: 97fffa7f     	bl	0xffffffffffffeb9c <f_841688+0xffffffffffffa8fc>
     1a4: b9407708     	ldr	w8, [x24, #0x74]
     1a8: 34000108     	cbz	w8, 0x1c8 <f_13ceb8+0x80>
     1ac: a9444ff4     	ldp	x20, x19, [sp, #0x40]
     1b0: 2a1f03e0     	mov	w0, wzr
     1b4: a94357f6     	ldp	x22, x21, [sp, #0x30]
     1b8: a9425ff8     	ldp	x24, x23, [sp, #0x20]
     1bc: a94167fe     	ldp	x30, x25, [sp, #0x10]
     1c0: 6cc523e9     	ldp	d9, d8, [sp], #0x50
     1c4: d65f03c0     	ret
     1c8: aa1603e0     	mov	x0, x22
     1cc: 2a1503e1     	mov	w1, w21
     1d0: 4ea81d00     	mov	v0.16b, v8.16b
     1d4: 2a1403e2     	mov	w2, w20
     1d8: 2a1303e3     	mov	w3, w19
     1dc: 2a1f03e4     	mov	w4, wzr
     1e0: a9444ff4     	ldp	x20, x19, [sp, #0x40]
     1e4: a94357f6     	ldp	x22, x21, [sp, #0x30]
     1e8: d65f03c0     	ret

00000000000001ec <f_152604>:
     1ec: a8c14ffe     	ldp	x30, x19, [sp], #0x10
     1f0: 140b94d9     	b	0x2e5554 <f_841688+0x2e12b4>
     1f4: a8c14ffe     	ldp	x30, x19, [sp], #0x10
     1f8: d65f03c0     	ret
     1fc: fc1d0fe8     	str	d8, [sp, #-0x30]!
     200: f90007fe     	str	x30, [sp, #0x8]
     204: a90157f6     	stp	x22, x21, [sp, #0x10]
     208: a9024ff4     	stp	x20, x19, [sp, #0x20]
     20c: 52973c88     	mov	w8, #0xb9e4             // =47588
     210: aa0003f3     	mov	x19, x0
     214: 78686800     	ldrh	w0, [x0, x8]
     218: 940a893c     	bl	0x2a2708 <f_841688+0x29e468>
     21c: b40005a0     	cbz	x0, 0x2d0 <f_158fbc+0x40>
     220: 52973408     	mov	w8, #0xb9a0             // =47520
     224: 8b080275     	add	x21, x19, x8
     228: aa0003e1     	mov	x1, x0
     22c: f97626a0     	ldr	x0, [x21, #0x6c48]
     230: b4000500     	cbz	x0, 0x2d0 <f_158fbc+0x40>
     234: a94022a9     	ldp	x9, x8, [x21]
     238: eb09011f     	cmp	x8, x9
     23c: 54000040     	b.eq	0x244 <f_152604+0x58>
     240: 940007ba     	bl	0x2128 <f_481aa8+0x7c>
     244: b000ff88     	adrp	x8, 0x1ff1000 <f_841688+0x1fecd60>
     248: f9424508     	ldr	x8, [x8, #0x488]
     24c: f9762514     	ldr	x20, [x8, #0x6c48]
     250: b4000194     	cbz	x20, 0x280 <f_152604+0x94>
     254: f9400268     	ldr	x8, [x19]
     258: aa1303e0     	mov	x0, x19
     25c: bd4072a8     	ldr	s8, [x21, #0x70]
     260: f9402508     	ldr	x8, [x8, #0x48]
     264: d63f0100     	blr	x8
     268: 52801308     	mov	w8, #0x98               // =152
     26c: 9b285008     	smaddl	x8, w0, w8, x20
     270: 4ea81d00     	mov	v0.16b, v8.16b
     274: 2a1f03e1     	mov	w1, wzr
     278: 91006100     	add	x0, x8, #0x18
     27c: 94172a4e     	bl	0x5cabb4 <f_841688+0x5c6914>
     280: a94052b6     	ldp	x22, x20, [x21]
     284: eb16029f     	cmp	x20, x22
     288: 540000e0     	b.eq	0x2a4 <f_158fbc+0x14>
     28c: d65f03c0     	ret

0000000000000290 <f_158fbc>:
     290: f000ff49     	adrp	x9, 0x1feb000 <f_841688+0x1fe6d60>
     294: f9439529     	ldr	x9, [x9, #0x728]
     298: a94103e1     	ldp	x1, x0, [sp, #0x10]
     29c: a9400be3     	ldp	x3, x2, [sp]
     2a0: 17ffff97     	b	0xfc <f_fb360+0x58>
     2a4: f81d0ffe     	str	x30, [sp, #-0x30]!
     2a8: a90157f6     	stp	x22, x21, [sp, #0x10]
     2ac: a9024ff4     	stp	x20, x19, [sp, #0x20]
     2b0: 52973c88     	mov	w8, #0xb9e4             // =47588
     2b4: aa0003f3     	mov	x19, x0
     2b8: 78686800     	ldrh	w0, [x0, x8]
     2bc: 940a6ece     	bl	0x29bdf4 <f_841688+0x297b54>
     2c0: b40004a0     	cbz	x0, 0x354 <f_177c8c+0x20>
     2c4: 52973408     	mov	w8, #0xb9a0             // =47520
     2c8: 8b080275     	add	x21, x19, x8
     2cc: aa0003e1     	mov	x1, x0
     2d0: f97626a0     	ldr	x0, [x21, #0x6c48]
     2d4: b4000400     	cbz	x0, 0x354 <f_177c8c+0x20>
     2d8: a94022a9     	ldp	x9, x8, [x21]
     2dc: eb09011f     	cmp	x8, x9
     2e0: 54000140     	b.eq	0x308 <f_158fbc+0x78>
     2e4: 97fff760     	bl	0xffffffffffffe064 <f_841688+0xffffffffffff9dc4>
     2e8: f000ff48     	adrp	x8, 0x1feb000 <f_841688+0x1fe6d60>
     2ec: f9424508     	ldr	x8, [x8, #0x488]
     2f0: f9762508     	ldr	x8, [x8, #0x6c48]
     2f4: b40000a8     	cbz	x8, 0x308 <f_158fbc+0x78>
     2f8: bd4072a0     	ldr	s0, [x21, #0x70]
     2fc: 9102c100     	add	x0, x8, #0xb0
     300: 2a1f03e1     	mov	w1, wzr
     304: 94170fe7     	bl	0x5c42a0 <f_841688+0x5c0000>
     308: a94052b6     	ldp	x22, x20, [x21]
     30c: eb16029f     	cmp	x20, x22
     310: 540000e0     	b.eq	0x32c <f_158fbc+0x9c>
     314: f8530e88     	ldr	x8, [x20, #-0xd0]!
     318: aa1403e0     	mov	x0, x20
     31c: f9400108     	ldr	x8, [x8]
     320: d63f0100     	blr	x8
     324: eb1402df     	cmp	x22, x20
     328: 54ffff61     	b.ne	0x314 <f_158fbc+0x84>
     32c: 52973a08     	mov	w8, #0xb9d0             // =47568
     330: d65f03c0     	ret

0000000000000334 <f_177c8c>:
     334: 9445ee8d     	bl	0x117bd68 <f_841688+0x1177ac8>
     338: 17ffff8a     	b	0x160 <f_13ceb8+0x18>
     33c: 6dba2beb     	stp	d11, d10, [sp, #-0x60]!
     340: 6d0123e9     	stp	d9, d8, [sp, #0x10]
     344: f90013fe     	str	x30, [sp, #0x20]
     348: a9035ff8     	stp	x24, x23, [sp, #0x30]
     34c: a90457f6     	stp	x22, x21, [sp, #0x40]
     350: a9054ff4     	stp	x20, x19, [sp, #0x50]
     354: 52973c88     	mov	w8, #0xb9e4             // =47588
     358: aa0003f3     	mov	x19, x0
     35c: 78686800     	ldrh	w0, [x0, x8]
     360: 9409f39a     	bl	0x27d1c8 <f_841688+0x278f28>
     364: b4001600     	cbz	x0, 0x624 <f_18ac38+0x60>
     368: 52973408     	mov	w8, #0xb9a0             // =47520
     36c: 8b080275     	add	x21, x19, x8
     370: f97626a8     	ldr	x8, [x21, #0x6c48]
     374: b4001588     	cbz	x8, 0x624 <f_18ac38+0x60>
     378: a94022a9     	ldp	x9, x8, [x21]
     37c: eb09011f     	cmp	x8, x9
     380: 54001fa0     	b.eq	0x774 <f_1a5a4c+0x68>
     384: b940a6a8     	ldr	w8, [x21, #0xa4]
     388: 2a1f03f7     	mov	w23, wzr
     38c: 71018d1f     	cmp	w8, #0x63
     390: 540001a0     	b.eq	0x3c4 <f_177c8c+0x90>
     394: 7104ad1f     	cmp	w8, #0x12b
     398: 54000160     	b.eq	0x3c4 <f_177c8c+0x90>
     39c: b94042a9     	ldr	w9, [x21, #0x40]
     3a0: 5284d908     	mov	w8, #0x26c8             // =9928
     3a4: 72a00028     	movk	w8, #0x1, lsl #16
     3a8: 8b080268     	add	x8, x19, x8
     3ac: 52800037     	mov	w23, #0x1               // =1
     3b0: 29002517     	stp	w23, w9, [x8]
     3b4: b9404ea9     	ldr	w9, [x21, #0x4c]
     3b8: b9000909     	str	w9, [x8, #0x8]
     3bc: 79408aa9     	ldrh	w9, [x21, #0x44]
     3c0: 79001909     	strh	w9, [x8, #0xc]
     3c4: b9405008     	ldr	w8, [x0, #0x50]
     3c8: 7100791f     	cmp	w8, #0x1e
     3cc: 54000060     	b.eq	0x3d8 <f_17bd94>
     3d0: 7100491f     	cmp	w8, #0x12
     3d4: d65f03c0     	ret

00000000000003d8 <f_17bd94>:
     3d8: d10183ff     	sub	sp, sp, #0x60
     3dc: 6d0223e9     	stp	d9, d8, [sp, #0x20]
     3e0: a9035ffe     	stp	x30, x23, [sp, #0x30]
     3e4: a90457f6     	stp	x22, x21, [sp, #0x40]
     3e8: a9054ff4     	stp	x20, x19, [sp, #0x50]
     3ec: 5284c808     	mov	w8, #0x2640             // =9792
     3f0: 72a00028     	movk	w8, #0x1, lsl #16
     3f4: 8b080016     	add	x22, x0, x8
     3f8: 52973c88     	mov	w8, #0xb9e4             // =47588
     3fc: aa0003f3     	mov	x19, x0
     400: 7100043f     	cmp	w1, #0x1
     404: 8b080014     	add	x20, x0, x8
     408: 540005e0     	b.eq	0x4c4 <f_182b78+0x48>
     40c: 350020c1     	cbnz	w1, 0x824 <f_1a6080+0x74>
     410: b94062c8     	ldr	w8, [x22, #0x60]
     414: 340000a8     	cbz	w8, 0x428 <f_17bd94+0x50>
     418: aa1303e0     	mov	x0, x19
     41c: 94078a5d     	bl	0x1e2d90 <f_841688+0x1deaf0>
     420: 710f301f     	cmp	w0, #0x3cc
     424: 54002000     	b.eq	0x824 <f_1a6080+0x74>
     428: 79400281     	ldrh	w1, [x20]
     42c: 5280de88     	mov	w8, #0x6f4              // =1780
     430: 72a00028     	movk	w8, #0x1, lsl #16
     434: aa1303e0     	mov	x0, x19
     438: 8b080275     	add	x21, x19, x8
     43c: 941860c4     	bl	0x61874c <f_841688+0x6144ac>
     440: 79400280     	ldrh	w0, [x20]
     444: 9409e348     	bl	0x279164 <f_841688+0x274ec4>
     448: b4000300     	cbz	x0, 0x4a8 <f_182b78+0x2c>
     44c: bd400000     	ldr	s0, [x0]
     450: aa1303e0     	mov	x0, x19
     454: 94182c64     	bl	0x60b5e4 <f_841688+0x607344>
     458: bd406a80     	ldr	s0, [x20, #0x68]
     45c: 910003e1     	mov	x1, sp
     460: 910043e2     	add	x2, sp, #0x10
     464: bd416661     	ldr	s1, [x19, #0x164]
     468: 1e200820     	fmul	s0, s1, s0
     46c: bd016660     	str	s0, [x19, #0x164]
     470: f9400a88     	ldr	x8, [x20, #0x10]
     474: aa1303e0     	mov	x0, x19
     478: d65f03c0     	ret

000000000000047c <f_182b78>:
     47c: 72a00028     	movk	w8, #0x1, lsl #16
     480: 528003c1     	mov	w1, #0x1e               // =30
     484: 52800022     	mov	w2, #0x1                // =1
     488: aa0003f3     	mov	x19, x0
     48c: 8b080015     	add	x21, x0, x8
     490: 94184fca     	bl	0x6143b8 <f_841688+0x610118>
     494: 71000a9f     	cmp	w20, #0x2
     498: 54000a60     	b.eq	0x5e4 <f_18ac38+0x20>
     49c: 52973c88     	mov	w8, #0xb9e4             // =47588
     4a0: 8b080276     	add	x22, x19, x8
     4a4: 7100069f     	cmp	w20, #0x1
     4a8: 54000aa0     	b.eq	0x5fc <f_18ac38+0x38>
     4ac: 350009f4     	cbnz	w20, 0x5e8 <f_18ac38+0x24>
     4b0: 1e2e1008     	fmov	s8, #1.00000000
     4b4: 4ea81d00     	mov	v0.16b, v8.16b
     4b8: 52807981     	mov	w1, #0x3cc              // =972
     4bc: 12800002     	mov	w2, #-0x1               // =-1
     4c0: aa1303e0     	mov	x0, x19
     4c4: 2a1f03e3     	mov	w3, wzr
     4c8: 2a1f03e4     	mov	w4, wzr
     4cc: b90002bf     	str	wzr, [x21]
     4d0: b91b6abf     	str	wzr, [x21, #0x1b68]
     4d4: b901667f     	str	wzr, [x19, #0x164]
     4d8: 94178ff6     	bl	0x5e44b0 <f_841688+0x5e0210>
     4dc: 4ea81d00     	mov	v0.16b, v8.16b
     4e0: aa1303e0     	mov	x0, x19
     4e4: 9417a129     	bl	0x5e8988 <f_841688+0x5e46e8>
     4e8: 794002c1     	ldrh	w1, [x22]
     4ec: aa1303e0     	mov	x0, x19
     4f0: 94184547     	bl	0x611a0c <f_841688+0x60d76c>
     4f4: 52a85408     	mov	w8, #0x42a00000         // =1117782016
     4f8: aa1303e0     	mov	x0, x19
     4fc: b9006ac8     	str	w8, [x22, #0x68]
     500: 52800021     	mov	w1, #0x1                // =1
     504: 94184d16     	bl	0x61395c <f_841688+0x60f6bc>
     508: b000fe14     	adrp	x20, 0x1fc1000 <f_841688+0x1fbcd60>
     50c: f9435a94     	ldr	x20, [x20, #0x6b0]
     510: 1e2703e9     	fmov	s9, wzr
     514: 4ea81d00     	mov	v0.16b, v8.16b
     518: 4ea91d22     	mov	v2.16b, v9.16b
     51c: d65f03c0     	ret

0000000000000520 <f_18a3b0>:
     520: f94002e0     	ldr	x0, [x23]
     524: b40003a0     	cbz	x0, 0x598 <f_18a3b0+0x78>
     528: 52800221     	mov	w1, #0x11               // =17
     52c: 97ff9696     	bl	0xfffffffffffe5f84 <f_841688+0xfffffffffffe1ce4>
     530: 528004b5     	mov	w21, #0x25              // =37
     534: 14000036     	b	0x60c <f_18ac38+0x48>
     538: 1e2b3908     	fsub	s8, s8, s11
     53c: 2d400be1     	ldp	s1, s2, [sp]
     540: 52973c88     	mov	w8, #0xb9e4             // =47588
     544: 1e2a3920     	fsub	s0, s9, s10
     548: 8b080275     	add	x21, x19, x8
     54c: 794002b7     	ldrh	w23, [x21]
     550: 1e280821     	fmul	s1, s1, s8
     554: 1f000449     	fmadd	s9, s2, s0, s1
     558: 9409aaee     	bl	0x26b110 <f_841688+0x266e70>
     55c: 6b2022ff     	cmp	w23, w0, uxth
     560: 540000a0     	b.eq	0x574 <f_18a3b0+0x54>
     564: 794002b7     	ldrh	w23, [x21]
     568: 9409aaf2     	bl	0x26b130 <f_841688+0x266e90>
     56c: 6b2022ff     	cmp	w23, w0, uxth
     570: 54000261     	b.ne	0x5bc <f_18a3b0+0x9c>
     574: 1e202128     	fcmp	s9, #0.0
     578: 5400014a     	b.ge	0x5a0 <f_18a3b0+0x80>
     57c: 52980008     	mov	w8, #0xc000             // =49152
     580: 72b8bb48     	movk	w8, #0xc5da, lsl #16
     584: 1e270100     	fmov	s0, w8
     588: 1e202120     	fcmp	s9, s0
     58c: 5400024a     	b.ge	0x5d4 <f_18ac38+0x10>
     590: 52800375     	mov	w21, #0x1b              // =27
     594: 14000018     	b	0x5f4 <f_18ac38+0x30>
     598: 528004b5     	mov	w21, #0x25              // =37
     59c: 1400001c     	b	0x60c <f_18ac38+0x48>
     5a0: 52980008     	mov	w8, #0xc000             // =49152
     5a4: 72a8bb48     	movk	w8, #0x45da, lsl #16
     5a8: 1e270100     	fmov	s0, w8
     5ac: 1e202120     	fcmp	s9, s0
     5b0: 540001ad     	b.le	0x5e4 <f_18ac38+0x20>
     5b4: 528000d5     	mov	w21, #0x6               // =6
     5b8: 1400000f     	b	0x5f4 <f_18ac38+0x30>
     5bc: 794002b7     	ldrh	w23, [x21]
     5c0: d65f03c0     	ret

00000000000005c4 <f_18ac38>:
     5c4: 2a1f03e0     	mov	w0, wzr
     5c8: 941bd52d     	bl	0x6f5a7c <f_841688+0x6f17dc>
     5cc: aa1403e0     	mov	x0, x20
     5d0: 94177b8a     	bl	0x5df3f8 <f_841688+0x5db158>
     5d4: 35000080     	cbnz	w0, 0x5e4 <f_18ac38+0x20>
     5d8: aa1403e0     	mov	x0, x20
     5dc: 94177b83     	bl	0x5df3e8 <f_841688+0x5db148>
     5e0: 34001640     	cbz	w0, 0x8a8 <f_1a6114+0x54>
     5e4: 52973c88     	mov	w8, #0xb9e4             // =47588
     5e8: 8b080295     	add	x21, x20, x8
     5ec: f94002c8     	ldr	x8, [x22]
     5f0: b9409509     	ldr	w9, [x8, #0x94]
     5f4: f9400288     	ldr	x8, [x20]
     5f8: f94cf908     	ldr	x8, [x8, #0x19f0]
     5fc: 7100053f     	cmp	w9, #0x1
     600: 5400122b     	b.lt	0x844 <f_1a6080+0x94>
     604: 52800421     	mov	w1, #0x21               // =33
     608: aa1403e0     	mov	x0, x20
     60c: 2a1f03e2     	mov	w2, wzr
     610: 52800023     	mov	w3, #0x1                // =1
     614: d63f0100     	blr	x8
     618: f94002c8     	ldr	x8, [x22]
     61c: b40011e8     	cbz	x8, 0x858 <f_1a6114+0x4>
     620: b9009d1f     	str	wzr, [x8, #0x9c]
     624: 1400008d     	b	0x858 <f_1a6114+0x4>
     628: aa1403e0     	mov	x0, x20
     62c: 94177c19     	bl	0x5df690 <f_841688+0x5db3f0>
     630: b000fdd5     	adrp	x21, 0x1fb9000 <f_841688+0x1fb4d60>
     634: f9432eb5     	ldr	x21, [x21, #0x658]
     638: f94002a8     	ldr	x8, [x21]
     63c: 3d680900     	ldr	b0, [x8, #0xa02]
     640: 52933348     	mov	w8, #0x999a             // =39322
     644: 72a7fb28     	movk	w8, #0x3fd9, lsl #16
     648: 1e270101     	fmov	s1, w8
     64c: 7e21d800     	ucvtf	s0, s0
     650: 1e210800     	fmul	s0, s0, s1
     654: 1e380008     	fcvtzs	w8, s0
     658: 6b08001f     	cmp	w0, w8
     65c: 540001aa     	b.ge	0x690 <f_1a3d6c+0x28>
     660: 9409925b     	bl	0x264fcc <f_841688+0x260d2c>
     664: d65f03c0     	ret

0000000000000668 <f_1a3d6c>:
     668: 54fffb88     	b.hi	0x5d8 <f_18ac38+0x14>
     66c: 52800029     	mov	w9, #0x1                // =1
     670: d280002a     	mov	x10, #0x1               // =1
     674: f2a0610a     	movk	x10, #0x308, lsl #16
     678: 9ac82129     	lsl	x9, x9, x8
     67c: f2ceb02a     	movk	x10, #0x7581, lsl #32
     680: ea0a013f     	tst	x9, x10
     684: 54000840     	b.eq	0x78c <f_1a5a4c+0x80>
     688: 52973c88     	mov	w8, #0xb9e4             // =47588
     68c: 8b080274     	add	x20, x19, x8
     690: 79400295     	ldrh	w21, [x20]
     694: 710042bf     	cmp	w21, #0x10
     698: 54000401     	b.ne	0x718 <f_1a5a4c+0xc>
     69c: 2a1f03e0     	mov	w0, wzr
     6a0: a9424ff4     	ldp	x20, x19, [sp, #0x20]
     6a4: a94157f6     	ldp	x22, x21, [sp, #0x10]
     6a8: f84307fe     	ldr	x30, [sp], #0x30
     6ac: d65f03c0     	ret
     6b0: f100051f     	cmp	x8, #0x1
     6b4: 54000140     	b.eq	0x6dc <f_1a3d6c+0x74>
     6b8: f100c11f     	cmp	x8, #0x30
     6bc: 540002a1     	b.ne	0x710 <f_1a5a4c+0x4>
     6c0: 52800301     	mov	w1, #0x18               // =24
     6c4: 94006416     	bl	0x1971c <f_841688+0x1547c>
     6c8: 52800020     	mov	w0, #0x1                // =1
     6cc: a9424ff4     	ldp	x20, x19, [sp, #0x20]
     6d0: a94157f6     	ldp	x22, x21, [sp, #0x10]
     6d4: f84307fe     	ldr	x30, [sp], #0x30
     6d8: d65f03c0     	ret
     6dc: b4000420     	cbz	x0, 0x760 <f_1a5a4c+0x54>
     6e0: aa1303e0     	mov	x0, x19
     6e4: 9406ea59     	bl	0x1bb048 <f_841688+0x1b6da8>
     6e8: 7103041f     	cmp	w0, #0xc1
     6ec: 540003a1     	b.ne	0x760 <f_1a5a4c+0x54>
     6f0: f94002c8     	ldr	x8, [x22]
     6f4: 2a1f03e0     	mov	w0, wzr
     6f8: 52800029     	mov	w9, #0x1                // =1
     6fc: b900cd09     	str	w9, [x8, #0xcc]
     700: a9424ff4     	ldp	x20, x19, [sp, #0x20]
     704: a94157f6     	ldp	x22, x21, [sp, #0x10]
     708: d65f03c0     	ret

000000000000070c <f_1a5a4c>:
     70c: 72a00028     	movk	w8, #0x1, lsl #16
     710: b000cc69     	adrp	x9, 0x198d000 <f_841688+0x1988d60>
     714: 91143529     	add	x9, x9, #0x50d
     718: 2a1503ea     	mov	w10, w21
     71c: 100000eb     	adr	x11, 0x738 <f_1a5a4c+0x2c>
     720: 386a692c     	ldrb	w12, [x9, x10]
     724: 8b0c096b     	add	x11, x11, x12, lsl #2
     728: 8b080277     	add	x23, x19, x8
     72c: 52973c88     	mov	w8, #0xb9e4             // =47588
     730: 8b080278     	add	x24, x19, x8
     734: d61f0160     	br	x11
     738: aa0003f4     	mov	x20, x0
     73c: aa1303e0     	mov	x0, x19
     740: 94185fa0     	bl	0x6185c0 <f_841688+0x614320>
     744: b4000074     	cbz	x20, 0x750 <f_1a5a4c+0x44>
     748: 91056260     	add	x0, x19, #0x158
     74c: 941669a0     	bl	0x59adcc <f_841688+0x596b2c>
     750: 52973e88     	mov	w8, #0xb9f4             // =47604
     754: 8b080262     	add	x2, x19, x8
     758: 910003e1     	mov	x1, sp
     75c: aa1303e0     	mov	x0, x19
     760: b901e2df     	str	wzr, [x22, #0x1e0]
     764: f90003ff     	str	xzr, [sp]
     768: b9000bff     	str	wzr, [sp, #0x8]
     76c: 9417607c     	bl	0x5d895c <f_841688+0x5d46bc>
     770: f9400268     	ldr	x8, [x19]
     774: aa1303e0     	mov	x0, x19
     778: f948c908     	ldr	x8, [x8, #0x1190]
     77c: d63f0100     	blr	x8
     780: 340000a0     	cbz	w0, 0x794 <f_1a5a4c+0x88>
     784: 910003e1     	mov	x1, sp
     788: aa1303e0     	mov	x0, x19
     78c: 52800022     	mov	w2, #0x1                // =1
     790: 9417c385     	bl	0x5f15a4 <f_841688+0x5ed304>
     794: 79400300     	ldrh	w0, [x24]
     798: 94093c12     	bl	0x24f7e0 <f_841688+0x24b540>
     79c: b40010c0     	cbz	x0, 0x9b4 <f_1af030+0x18>
     7a0: aa0003f5     	mov	x21, x0
     7a4: 2a1f03e0     	mov	w0, wzr
     7a8: 941b6982     	bl	0x6dadb0 <f_841688+0x6d6b10>
     7ac: d65f03c0     	ret

00000000000007b0 <f_1a6080>:
     7b0: d2c0200b     	mov	x11, #0x10000000000     // =1099511627776
     7b4: 3d805d00     	str	q0, [x8, #0x170]
     7b8: a9142d0a     	stp	x10, x11, [x8, #0x140]
     7bc: 3d806500     	str	q0, [x8, #0x190]
     7c0: d65f03c0     	ret
     7c4: d10103ff     	sub	sp, sp, #0x40
     7c8: f90013fe     	str	x30, [sp, #0x20]
     7cc: a9034ff4     	stp	x20, x19, [sp, #0x30]
     7d0: 52973c88     	mov	w8, #0xb9e4             // =47588
     7d4: aa0003f3     	mov	x19, x0
     7d8: 8b080014     	add	x20, x0, x8
     7dc: 9417ac5c     	bl	0x5eb94c <f_841688+0x5e76ac>
     7e0: 79400280     	ldrh	w0, [x20]
     7e4: 94093a9b     	bl	0x24f250 <f_841688+0x24afb0>
     7e8: b4000300     	cbz	x0, 0x848 <f_1a6080+0x98>
     7ec: bd400000     	ldr	s0, [x0]
     7f0: aa1303e0     	mov	x0, x19
     7f4: 941783b7     	bl	0x5e16d0 <f_841688+0x5dd430>
     7f8: bd406a80     	ldr	s0, [x20, #0x68]
     7fc: 910003e1     	mov	x1, sp
     800: 910043e2     	add	x2, sp, #0x10
     804: bd416661     	ldr	s1, [x19, #0x164]
     808: 1e200820     	fmul	s0, s1, s0
     80c: bd016660     	str	s0, [x19, #0x164]
     810: f9400a88     	ldr	x8, [x20, #0x10]
     814: aa1303e0     	mov	x0, x19
     818: b9001bff     	str	wzr, [sp, #0x18]
     81c: f90003ff     	str	xzr, [sp]
     820: b9000bff     	str	wzr, [sp, #0x8]
     824: f9000be8     	str	x8, [sp, #0x10]
     828: 94175ee9     	bl	0x5d83cc <f_841688+0x5d412c>
     82c: 910003e1     	mov	x1, sp
     830: aa1303e0     	mov	x0, x19
     834: 94166c6d     	bl	0x59b9e8 <f_841688+0x597748>
     838: 910003e1     	mov	x1, sp
     83c: aa1303e0     	mov	x0, x19
     840: 2a1f03e2     	mov	w2, wzr
     844: 94166c7c     	bl	0x59ba34 <f_841688+0x597794>
     848: a9434ff4     	ldp	x20, x19, [sp, #0x30]
     84c: f94013fe     	ldr	x30, [sp, #0x20]
     850: d65f03c0     	ret

0000000000000854 <f_1a6114>:
     854: 94166c7c     	bl	0x59ba44 <f_841688+0x5977a4>
     858: a9434ff4     	ldp	x20, x19, [sp, #0x30]
     85c: f94013fe     	ldr	x30, [sp, #0x20]
     860: 910103ff     	add	sp, sp, #0x40
     864: d65f03c0     	ret
     868: fc1e0fe8     	str	d8, [sp, #-0x20]!
     86c: f90007fe     	str	x30, [sp, #0x8]
     870: a9014ff4     	stp	x20, x19, [sp, #0x10]
     874: 52973c88     	mov	w8, #0xb9e4             // =47588
     878: 8b080014     	add	x20, x0, x8
     87c: aa0003f3     	mov	x19, x0
     880: 79400280     	ldrh	w0, [x20]
     884: 94093a77     	bl	0x24f260 <f_841688+0x24afc0>
     888: b4000240     	cbz	x0, 0x8d0 <f_1a6114+0x7c>
     88c: bd400000     	ldr	s0, [x0]
     890: aa1303e0     	mov	x0, x19
     894: bd406a81     	ldr	s1, [x20, #0x68]
     898: 1e200828     	fmul	s8, s1, s0
     89c: 94170e0d     	bl	0x5c40d0 <f_841688+0x5bfe30>
     8a0: 2a0003f4     	mov	w20, w0
     8a4: aa1303e0     	mov	x0, x19
     8a8: 94170ee7     	bl	0x5c4444 <f_841688+0x5c01a4>
     8ac: 1e220000     	scvtf	s0, w0
     8b0: aa1303e0     	mov	x0, x19
     8b4: 1e220281     	scvtf	s1, w20
     8b8: 1e211800     	fdiv	s0, s0, s1
     8bc: a9414ff4     	ldp	x20, x19, [sp, #0x10]
     8c0: f94007fe     	ldr	x30, [sp, #0x8]
     8c4: 1f08a000     	fmsub	s0, s0, s8, s8
     8c8: fc4207e8     	ldr	d8, [sp], #0x20
     8cc: 14178385     	b	0x5e16e0 <f_841688+0x5dd440>
     8d0: a9414ff4     	ldp	x20, x19, [sp, #0x10]
     8d4: f94007fe     	ldr	x30, [sp, #0x8]
     8d8: fc4207e8     	ldr	d8, [sp], #0x20
     8dc: d65f03c0     	ret
     8e0: 1417ae7a     	b	0x5ec2c8 <f_841688+0x5e8028>
     8e4: d10103ff     	sub	sp, sp, #0x40
     8e8: f9001bfe     	str	x30, [sp, #0x30]
     8ec: f9404008     	ldr	x8, [x0, #0x80]
     8f0: 2f00e400     	movi	d0, #0000000000000000
     8f4: d65f03c0     	ret

00000000000008f8 <f_1acd1c>:
     8f8: f000fca0     	adrp	x0, 0x1f97000 <f_841688+0x1f92d60>
     8fc: f942d000     	ldr	x0, [x0, #0x5a0]
     900: 94451a67     	bl	0x114729c <f_841688+0x1142ffc>
     904: 17ffffa6     	b	0x79c <f_1a5a4c+0x90>
     908: d10143ff     	sub	sp, sp, #0x50
     90c: fd0013e8     	str	d8, [sp, #0x20]
     910: a90357fe     	stp	x30, x21, [sp, #0x30]
     914: a9044ff4     	stp	x20, x19, [sp, #0x40]
     918: 52973c88     	mov	w8, #0xb9e4             // =47588
     91c: aa0003f3     	mov	x19, x0
     920: 7100043f     	cmp	w1, #0x1
     924: 8b080014     	add	x20, x0, x8
     928: 54000620     	b.eq	0x9ec <f_1af030+0x50>
     92c: 35000981     	cbnz	w1, 0xa5c <f_1b2a08+0x1c>
     930: aa1303e0     	mov	x0, x19
     934: 94179131     	bl	0x5e4df8 <f_841688+0x5e0b58>
     938: 79400281     	ldrh	w1, [x20]
     93c: aa1303e0     	mov	x0, x19
     940: 94179ce9     	bl	0x5e7ce4 <f_841688+0x5e3a44>
     944: 79400280     	ldrh	w0, [x20]
     948: 94091f6d     	bl	0x2486fc <f_841688+0x24445c>
     94c: b4000300     	cbz	x0, 0x9ac <f_1af030+0x10>
     950: bd400000     	ldr	s0, [x0]
     954: aa1303e0     	mov	x0, x19
     958: 94176889     	bl	0x5dab7c <f_841688+0x5d68dc>
     95c: bd406a80     	ldr	s0, [x20, #0x68]
     960: 910003e1     	mov	x1, sp
     964: 910043e2     	add	x2, sp, #0x10
     968: bd416661     	ldr	s1, [x19, #0x164]
     96c: 1e200820     	fmul	s0, s1, s0
     970: bd016660     	str	s0, [x19, #0x164]
     974: f9400a88     	ldr	x8, [x20, #0x10]
     978: aa1303e0     	mov	x0, x19
     97c: b9001bff     	str	wzr, [sp, #0x18]
     980: f90003ff     	str	xzr, [sp]
     984: b9000bff     	str	wzr, [sp, #0x8]
     988: f9000be8     	str	x8, [sp, #0x10]
     98c: 941743bb     	bl	0x5d1878 <f_841688+0x5cd5d8>
     990: 910003e1     	mov	x1, sp
     994: aa1303e0     	mov	x0, x19
     998: d65f03c0     	ret

000000000000099c <f_1af030>:
     99c: 72a00028     	movk	w8, #0x1, lsl #16
     9a0: 52800a61     	mov	w1, #0x53               // =83
     9a4: 52800022     	mov	w2, #0x1                // =1
     9a8: aa0003f3     	mov	x19, x0
     9ac: 8b080015     	add	x21, x0, x8
     9b0: 94179e9c     	bl	0x5e8420 <f_841688+0x5e4180>
     9b4: 71000a9f     	cmp	w20, #0x2
     9b8: 54000620     	b.eq	0xa7c <f_1b2a08+0x3c>
     9bc: 52973c88     	mov	w8, #0xb9e4             // =47588
     9c0: 8b080276     	add	x22, x19, x8
     9c4: 7100069f     	cmp	w20, #0x1
     9c8: 54000660     	b.eq	0xa94 <f_1b2a08+0x54>
     9cc: 350005b4     	cbnz	w20, 0xa80 <f_1b2a08+0x40>
     9d0: 1e2e1008     	fmov	s8, #1.00000000
     9d4: 4ea81d00     	mov	v0.16b, v8.16b
     9d8: 52807521     	mov	w1, #0x3a9              // =937
     9dc: 12800002     	mov	w2, #-0x1               // =-1
     9e0: aa1303e0     	mov	x0, x19
     9e4: 2a1f03e3     	mov	w3, wzr
     9e8: 2a1f03e4     	mov	w4, wzr
     9ec: b90002bf     	str	wzr, [x21]
     9f0: b91b6abf     	str	wzr, [x21, #0x1b68]
     9f4: b901667f     	str	wzr, [x19, #0x164]
     9f8: 9416dec8     	bl	0x5b8518 <f_841688+0x5b4278>
     9fc: 4ea81d00     	mov	v0.16b, v8.16b
     a00: aa1303e0     	mov	x0, x19
     a04: 9416effb     	bl	0x5bc9f0 <f_841688+0x5b8750>
     a08: 794002c1     	ldrh	w1, [x22]
     a0c: aa1303e0     	mov	x0, x19
     a10: 94179419     	bl	0x5e5a74 <f_841688+0x5e17d4>
     a14: 52a85408     	mov	w8, #0x42a00000         // =1117782016
     a18: aa1303e0     	mov	x0, x19
     a1c: b9006ac8     	str	w8, [x22, #0x68]
     a20: 52800021     	mov	w1, #0x1                // =1
     a24: 94179be8     	bl	0x5e79c4 <f_841688+0x5e3724>
     a28: b94e9a68     	ldr	w8, [x19, #0xe98]
     a2c: 7100891f     	cmp	w8, #0x22
     a30: 54000280     	b.eq	0xa80 <f_1b2a08+0x40>
     a34: 9000fca9     	adrp	x9, 0x1f94000 <f_841688+0x1f8fd60>
     a38: b94ede68     	ldr	w8, [x19, #0xedc]
     a3c: d65f03c0     	ret

0000000000000a40 <f_1b2a08>:
     a40: b000fc80     	adrp	x0, 0x1f91000 <f_841688+0x1f8cd60>
     a44: f942d000     	ldr	x0, [x0, #0x5a0]
     a48: 9445032c     	bl	0x11416f8 <f_841688+0x113d458>
     a4c: 17ffffa6     	b	0x8e4 <f_1a6114+0x90>
     a50: d10143ff     	sub	sp, sp, #0x50
     a54: fd0013e8     	str	d8, [sp, #0x20]
     a58: a90357fe     	stp	x30, x21, [sp, #0x30]
     a5c: a9044ff4     	stp	x20, x19, [sp, #0x40]
     a60: 52973c88     	mov	w8, #0xb9e4             // =47588
     a64: aa0003f3     	mov	x19, x0
     a68: 7100043f     	cmp	w1, #0x1
     a6c: 8b080014     	add	x20, x0, x8
     a70: 54000620     	b.eq	0xb34 <f_1b4558+0x50>
     a74: 35000981     	cbnz	w1, 0xba4 <f_1bf458+0x1c>
     a78: aa1303e0     	mov	x0, x19
     a7c: 941779f6     	bl	0x5df254 <f_841688+0x5dafb4>
     a80: 79400281     	ldrh	w1, [x20]
     a84: aa1303e0     	mov	x0, x19
     a88: 941785ae     	bl	0x5e2140 <f_841688+0x5ddea0>
     a8c: 79400280     	ldrh	w0, [x20]
     a90: 94090832     	bl	0x242b58 <f_841688+0x23e8b8>
     a94: b4000300     	cbz	x0, 0xaf4 <f_1b4558+0x10>
     a98: bd400000     	ldr	s0, [x0]
     a9c: aa1303e0     	mov	x0, x19
     aa0: 9417514e     	bl	0x5d4fd8 <f_841688+0x5d0d38>
     aa4: bd406a80     	ldr	s0, [x20, #0x68]
     aa8: 910003e1     	mov	x1, sp
     aac: 910043e2     	add	x2, sp, #0x10
     ab0: bd416661     	ldr	s1, [x19, #0x164]
     ab4: 1e200820     	fmul	s0, s1, s0
     ab8: bd016660     	str	s0, [x19, #0x164]
     abc: f9400a88     	ldr	x8, [x20, #0x10]
     ac0: aa1303e0     	mov	x0, x19
     ac4: b9001bff     	str	wzr, [sp, #0x18]
     ac8: f90003ff     	str	xzr, [sp]
     acc: b9000bff     	str	wzr, [sp, #0x8]
     ad0: f9000be8     	str	x8, [sp, #0x10]
     ad4: 94172c80     	bl	0x5cbcd4 <f_841688+0x5c7a34>
     ad8: 910003e1     	mov	x1, sp
     adc: aa1303e0     	mov	x0, x19
     ae0: d65f03c0     	ret

0000000000000ae4 <f_1b4558>:
     ae4: 72a00028     	movk	w8, #0x1, lsl #16
     ae8: 52800a61     	mov	w1, #0x53               // =83
     aec: 52800022     	mov	w2, #0x1                // =1
     af0: aa0003f3     	mov	x19, x0
     af4: 8b080015     	add	x21, x0, x8
     af8: 94178952     	bl	0x5e3040 <f_841688+0x5deda0>
     afc: 71000a9f     	cmp	w20, #0x2
     b00: 54000620     	b.eq	0xbc4 <f_1bf458+0x3c>
     b04: 52973c88     	mov	w8, #0xb9e4             // =47588
     b08: 8b080276     	add	x22, x19, x8
     b0c: 7100069f     	cmp	w20, #0x1
     b10: 54000660     	b.eq	0xbdc <f_1bf458+0x54>
     b14: 350005b4     	cbnz	w20, 0xbc8 <f_1bf458+0x40>
     b18: 1e2e1008     	fmov	s8, #1.00000000
     b1c: 4ea81d00     	mov	v0.16b, v8.16b
     b20: 52807521     	mov	w1, #0x3a9              // =937
     b24: 12800002     	mov	w2, #-0x1               // =-1
     b28: aa1303e0     	mov	x0, x19
     b2c: 2a1f03e3     	mov	w3, wzr
     b30: 2a1f03e4     	mov	w4, wzr
     b34: b90002bf     	str	wzr, [x21]
     b38: b91b6abf     	str	wzr, [x21, #0x1b68]
     b3c: b901667f     	str	wzr, [x19, #0x164]
     b40: 9416c97e     	bl	0x5b3138 <f_841688+0x5aee98>
     b44: 4ea81d00     	mov	v0.16b, v8.16b
     b48: aa1303e0     	mov	x0, x19
     b4c: 9416dab1     	bl	0x5b7610 <f_841688+0x5b3370>
     b50: 794002c1     	ldrh	w1, [x22]
     b54: aa1303e0     	mov	x0, x19
     b58: 94177ecf     	bl	0x5e0694 <f_841688+0x5dc3f4>
     b5c: 52a85408     	mov	w8, #0x42a00000         // =1117782016
     b60: aa1303e0     	mov	x0, x19
     b64: b9006ac8     	str	w8, [x22, #0x68]
     b68: 52800021     	mov	w1, #0x1                // =1
     b6c: 9417869e     	bl	0x5e25e4 <f_841688+0x5de344>
     b70: b94e9a68     	ldr	w8, [x19, #0xe98]
     b74: 7100891f     	cmp	w8, #0x22
     b78: 54000280     	b.eq	0xbc8 <f_1bf458+0x40>
     b7c: f000fc69     	adrp	x9, 0x1f8f000 <f_841688+0x1f8ad60>
     b80: b94ede68     	ldr	w8, [x19, #0xedc]
     b84: d65f03c0     	ret

0000000000000b88 <f_1bf458>:
     b88: d65f03c0     	ret
     b8c: a9be57fe     	stp	x30, x21, [sp, #-0x20]!
     b90: a9014ff4     	stp	x20, x19, [sp, #0x10]
     b94: aa0003f3     	mov	x19, x0
     b98: f9403c00     	ldr	x0, [x0, #0x78]
     b9c: b4000460     	cbz	x0, 0xc28 <f_1bf458+0xa0>
     ba0: 97ff9b09     	bl	0xfffffffffffe77c4 <f_841688+0xfffffffffffe3524>
     ba4: f9403e68     	ldr	x8, [x19, #0x78]
     ba8: 52973c89     	mov	w9, #0xb9e4             // =47588
     bac: 78696915     	ldrh	w21, [x8, x9]
     bb0: 9408d5e8     	bl	0x236350 <f_841688+0x2320b0>
     bb4: 6b2022bf     	cmp	w21, w0, uxth
     bb8: 54000061     	b.ne	0xbc4 <f_1bf458+0x3c>
     bbc: 52807c34     	mov	w20, #0x3e1             // =993
     bc0: 14000012     	b	0xc08 <f_1bf458+0x80>
     bc4: 9408d7f3     	bl	0x236b90 <f_841688+0x2328f0>
     bc8: 52807c34     	mov	w20, #0x3e1             // =993
     bcc: 6b2022bf     	cmp	w21, w0, uxth
     bd0: 540001c0     	b.eq	0xc08 <f_1bf458+0x80>
     bd4: 9408d7e7     	bl	0x236b70 <f_841688+0x2328d0>
     bd8: 6b2022bf     	cmp	w21, w0, uxth
     bdc: 54000140     	b.eq	0xc04 <f_1bf458+0x7c>
     be0: 9408d7f4     	bl	0x236bb0 <f_841688+0x232910>
     be4: 6b2022bf     	cmp	w21, w0, uxth
     be8: 540000e0     	b.eq	0xc04 <f_1bf458+0x7c>
     bec: 9408d7f9     	bl	0x236bd0 <f_841688+0x232930>
     bf0: 6b2022bf     	cmp	w21, w0, uxth
     bf4: 54000080     	b.eq	0xc04 <f_1bf458+0x7c>
     bf8: 9408d7fe     	bl	0x236bf0 <f_841688+0x232950>
     bfc: 6b2022bf     	cmp	w21, w0, uxth
     c00: 540001a1     	b.ne	0xc34 <f_1c75b4+0x8>
     c04: 52807c54     	mov	w20, #0x3e2             // =994
     c08: f9403e60     	ldr	x0, [x19, #0x78]
     c0c: 1e2e1000     	fmov	s0, #1.00000000
     c10: 12800002     	mov	w2, #-0x1               // =-1
     c14: 2a1403e1     	mov	w1, w20
     c18: 2a1f03e3     	mov	w3, wzr
     c1c: 2a1f03e4     	mov	w4, wzr
     c20: 94169daf     	bl	0x5a82dc <f_841688+0x5a403c>
     c24: 2917fe7f     	stp	wzr, wzr, [x19, #0xbc]
     c28: d65f03c0     	ret

0000000000000c2c <f_1c75b4>:
     c2c: d65f03c0     	ret
     c30: 2a1f03e1     	mov	w1, wzr
     c34: a8c14ffe     	ldp	x30, x19, [sp], #0x10
     c38: 17ffed2d     	b	0xffffffffffffc0ec <f_841688+0xffffffffffff7e4c>
     c3c: d10143ff     	sub	sp, sp, #0x50
     c40: fd0013e8     	str	d8, [sp, #0x20]
     c44: a90357fe     	stp	x30, x21, [sp, #0x30]
     c48: a9044ff4     	stp	x20, x19, [sp, #0x40]
     c4c: 52973c88     	mov	w8, #0xb9e4             // =47588
     c50: aa0003f3     	mov	x19, x0
     c54: 7100043f     	cmp	w1, #0x1
     c58: 8b080014     	add	x20, x0, x8
     c5c: 54000620     	b.eq	0xd20 <f_1c85f4+0x50>
     c60: 350009a1     	cbnz	w1, 0xd94 <f_1ecd6c+0x20>
     c64: aa1303e0     	mov	x0, x19
     c68: 9417270b     	bl	0x5ca894 <f_841688+0x5c65f4>
     c6c: 79400281     	ldrh	w1, [x20]
     c70: aa1303e0     	mov	x0, x19
     c74: 941732c3     	bl	0x5cd780 <f_841688+0x5c94e0>
     c78: 79400280     	ldrh	w0, [x20]
     c7c: 9408b547     	bl	0x22e198 <f_841688+0x229ef8>
     c80: b4000300     	cbz	x0, 0xce0 <f_1c85f4+0x10>
     c84: bd400000     	ldr	s0, [x0]
     c88: aa1303e0     	mov	x0, x19
     c8c: 9416fe63     	bl	0x5c0618 <f_841688+0x5bc378>
     c90: bd406a80     	ldr	s0, [x20, #0x68]
     c94: 910003e1     	mov	x1, sp
     c98: 910043e2     	add	x2, sp, #0x10
     c9c: bd416661     	ldr	s1, [x19, #0x164]
     ca0: 1e200820     	fmul	s0, s1, s0
     ca4: bd016660     	str	s0, [x19, #0x164]
     ca8: f9400a88     	ldr	x8, [x20, #0x10]
     cac: aa1303e0     	mov	x0, x19
     cb0: b9001bff     	str	wzr, [sp, #0x18]
     cb4: f90003ff     	str	xzr, [sp]
     cb8: b9000bff     	str	wzr, [sp, #0x8]
     cbc: f9000be8     	str	x8, [sp, #0x10]
     cc0: 9416d995     	bl	0x5b7314 <f_841688+0x5b3074>
     cc4: 910003e1     	mov	x1, sp
     cc8: aa1303e0     	mov	x0, x19
     ccc: d65f03c0     	ret

0000000000000cd0 <f_1c85f4>:
     cd0: 72a00028     	movk	w8, #0x1, lsl #16
     cd4: 52800a61     	mov	w1, #0x53               // =83
     cd8: 52800022     	mov	w2, #0x1                // =1
     cdc: aa0003f3     	mov	x19, x0
     ce0: 8b080015     	add	x21, x0, x8
     ce4: 9417392b     	bl	0x5cf190 <f_841688+0x5caef0>
     ce8: 71000a9f     	cmp	w20, #0x2
     cec: 54000620     	b.eq	0xdb0 <f_1ecd6c+0x3c>
     cf0: 52973c88     	mov	w8, #0xb9e4             // =47588
     cf4: 8b080276     	add	x22, x19, x8
     cf8: 7100069f     	cmp	w20, #0x1
     cfc: 54000660     	b.eq	0xdc8 <f_1ecd6c+0x54>
     d00: 350005b4     	cbnz	w20, 0xdb4 <f_1ecd6c+0x40>
     d04: 1e2e1008     	fmov	s8, #1.00000000
     d08: 4ea81d00     	mov	v0.16b, v8.16b
     d0c: 52807521     	mov	w1, #0x3a9              // =937
     d10: 12800002     	mov	w2, #-0x1               // =-1
     d14: aa1303e0     	mov	x0, x19
     d18: 2a1f03e3     	mov	w3, wzr
     d1c: 2a1f03e4     	mov	w4, wzr
     d20: b90002bf     	str	wzr, [x21]
     d24: b91b6abf     	str	wzr, [x21, #0x1b68]
     d28: b901667f     	str	wzr, [x19, #0x164]
     d2c: 94167957     	bl	0x59f288 <f_841688+0x59afe8>
     d30: 4ea81d00     	mov	v0.16b, v8.16b
     d34: aa1303e0     	mov	x0, x19
     d38: 94168a8a     	bl	0x5a3760 <f_841688+0x59f4c0>
     d3c: 794002c1     	ldrh	w1, [x22]
     d40: aa1303e0     	mov	x0, x19
     d44: 94172ea8     	bl	0x5cc7e4 <f_841688+0x5c8544>
     d48: 52a85408     	mov	w8, #0x42a00000         // =1117782016
     d4c: aa1303e0     	mov	x0, x19
     d50: b9006ac8     	str	w8, [x22, #0x68]
     d54: 52800021     	mov	w1, #0x1                // =1
     d58: 94173677     	bl	0x5ce734 <f_841688+0x5ca494>
     d5c: b94e9a68     	ldr	w8, [x19, #0xe98]
     d60: 7100891f     	cmp	w8, #0x22
     d64: 54000280     	b.eq	0xdb4 <f_1ecd6c+0x40>
     d68: f000fbc9     	adrp	x9, 0x1f7b000 <f_841688+0x1f76d60>
     d6c: b94ede68     	ldr	w8, [x19, #0xedc]
     d70: d65f03c0     	ret

0000000000000d74 <f_1ecd6c>:
     d74: fd001be8     	str	d8, [sp, #0x30]
     d78: a9045ffe     	stp	x30, x23, [sp, #0x40]
     d7c: a90557f6     	stp	x22, x21, [sp, #0x50]
     d80: a9064ff4     	stp	x20, x19, [sp, #0x60]
     d84: aa0003f3     	mov	x19, x0
     d88: 7100043f     	cmp	w1, #0x1
     d8c: 54000660     	b.eq	0xe58 <f_1ed3f4+0x40>
     d90: 350032a1     	cbnz	w1, 0x13e4 <f_257504+0x8>
     d94: 52973c88     	mov	w8, #0xb9e4             // =47588
     d98: aa1303e0     	mov	x0, x19
     d9c: 8b080276     	add	x22, x19, x8
     da0: 94169121     	bl	0x5a5224 <f_841688+0x5a0f84>
     da4: 794002c1     	ldrh	w1, [x22]
     da8: aa1303e0     	mov	x0, x19
     dac: 94169cd9     	bl	0x5a8110 <f_841688+0x5a3e70>
     db0: 794002c0     	ldrh	w0, [x22]
     db4: 94081f5d     	bl	0x208b28 <f_841688+0x204888>
     db8: b4003160     	cbz	x0, 0x13e4 <f_257504+0x8>
     dbc: aa0003f4     	mov	x20, x0
     dc0: 94080a32     	bl	0x203688 <f_841688+0x1ff3e8>
     dc4: 1e201000     	fmov	s0, #2.00000000
     dc8: 1e2e1001     	fmov	s1, #1.00000000
     dcc: 7100001f     	cmp	w0, #0x0
     dd0: aa1303e0     	mov	x0, x19
     dd4: 1e200c20     	fcsel	s0, s1, s0, eq
     dd8: bd400281     	ldr	s1, [x20]
     ddc: 1e210800     	fmul	s0, s0, s1
     de0: 94166872     	bl	0x59afa8 <f_841688+0x596d08>
     de4: bd406ac0     	ldr	s0, [x22, #0x68]
     de8: bd416661     	ldr	s1, [x19, #0x164]
     dec: 1e200823     	fmul	s3, s1, s0
     df0: bd016663     	str	s3, [x19, #0x164]
     df4: f9001fff     	str	xzr, [sp, #0x38]
     df8: b9002fff     	str	wzr, [sp, #0x2c]
     dfc: b94e9268     	ldr	w8, [x19, #0xe90]
     e00: 7100151f     	cmp	w8, #0x5
     e04: 54000881     	b.ne	0xf14 <f_1f22f0+0x58>
     e08: 794002d5     	ldrh	w21, [x22]
     e0c: 94082017     	bl	0x208e68 <f_841688+0x204bc8>
     e10: 6b2022bf     	cmp	w21, w0, uxth
     e14: d65f03c0     	ret

0000000000000e18 <f_1ed3f4>:
     e18: d10143ff     	sub	sp, sp, #0x50
     e1c: f90013fe     	str	x30, [sp, #0x20]
     e20: a90357f6     	stp	x22, x21, [sp, #0x30]
     e24: a9044ff4     	stp	x20, x19, [sp, #0x40]
     e28: aa0003f3     	mov	x19, x0
     e2c: 7100043f     	cmp	w1, #0x1
     e30: 540004c0     	b.eq	0xec8 <f_1f22f0+0xc>
     e34: 35000f21     	cbnz	w1, 0x1018 <f_1f3488+0x14>
     e38: 52973c88     	mov	w8, #0xb9e4             // =47588
     e3c: aa1303e0     	mov	x0, x19
     e40: 8b080276     	add	x22, x19, x8
     e44: 94168f7f     	bl	0x5a4c40 <f_841688+0x5a09a0>
     e48: 794002c1     	ldrh	w1, [x22]
     e4c: aa1303e0     	mov	x0, x19
     e50: 94169b37     	bl	0x5a7b2c <f_841688+0x5a388c>
     e54: 52973e88     	mov	w8, #0xb9f4             // =47604
     e58: 8b080275     	add	x21, x19, x8
     e5c: 910043e1     	add	x1, sp, #0x10
     e60: aa1303e0     	mov	x0, x19
     e64: f9000bff     	str	xzr, [sp, #0x10]
     e68: b9001bff     	str	wzr, [sp, #0x18]
     e6c: aa1503e2     	mov	x2, x21
     e70: 94164214     	bl	0x5916c0 <f_841688+0x58d420>
     e74: f9400268     	ldr	x8, [x19]
     e78: aa1303e0     	mov	x0, x19
     e7c: f948c908     	ldr	x8, [x8, #0x1190]
     e80: d63f0100     	blr	x8
     e84: 340000a0     	cbz	w0, 0xe98 <f_1ed3f4+0x80>
     e88: 910043e1     	add	x1, sp, #0x10
     e8c: aa1303e0     	mov	x0, x19
     e90: 52800022     	mov	w2, #0x1                // =1
     e94: 9416a51d     	bl	0x5aa308 <f_841688+0x5a6068>
     e98: aa1303e0     	mov	x0, x19
     e9c: 94174122     	bl	0x5d1324 <f_841688+0x5cd084>
     ea0: 794002c0     	ldrh	w0, [x22]
     ea4: 94081da8     	bl	0x208544 <f_841688+0x2042a4>
     ea8: b4000b80     	cbz	x0, 0x1018 <f_1f3488+0x14>
     eac: b94e9268     	ldr	w8, [x19, #0xe90]
     eb0: aa0003f4     	mov	x20, x0
     eb4: 7100151f     	cmp	w8, #0x5
     eb8: d65f03c0     	ret

0000000000000ebc <f_1f22f0>:
     ebc: fd001be8     	str	d8, [sp, #0x30]
     ec0: a9045ffe     	stp	x30, x23, [sp, #0x40]
     ec4: a90557f6     	stp	x22, x21, [sp, #0x50]
     ec8: a9064ff4     	stp	x20, x19, [sp, #0x60]
     ecc: aa0003f3     	mov	x19, x0
     ed0: 7100043f     	cmp	w1, #0x1
     ed4: 54000660     	b.eq	0xfa0 <f_1f2978+0x40>
     ed8: 350032a1     	cbnz	w1, 0x152c <f_29bc9c+0x8>
     edc: 52973c88     	mov	w8, #0xb9e4             // =47588
     ee0: aa1303e0     	mov	x0, x19
     ee4: 8b080276     	add	x22, x19, x8
     ee8: 94167bc0     	bl	0x59fde8 <f_841688+0x59bb48>
     eec: 794002c1     	ldrh	w1, [x22]
     ef0: aa1303e0     	mov	x0, x19
     ef4: 94168778     	bl	0x5a2cd4 <f_841688+0x59ea34>
     ef8: 794002c0     	ldrh	w0, [x22]
     efc: 940809fc     	bl	0x2036ec <f_841688+0x1ff44c>
     f00: b4003160     	cbz	x0, 0x152c <f_29bc9c+0x8>
     f04: aa0003f4     	mov	x20, x0
     f08: 9407f4d1     	bl	0x1fe24c <f_841688+0x1f9fac>
     f0c: 1e201000     	fmov	s0, #2.00000000
     f10: 1e2e1001     	fmov	s1, #1.00000000
     f14: 7100001f     	cmp	w0, #0x0
     f18: aa1303e0     	mov	x0, x19
     f1c: 1e200c20     	fcsel	s0, s1, s0, eq
     f20: bd400281     	ldr	s1, [x20]
     f24: 1e210800     	fmul	s0, s0, s1
     f28: 94165311     	bl	0x595b6c <f_841688+0x5918cc>
     f2c: bd406ac0     	ldr	s0, [x22, #0x68]
     f30: bd416661     	ldr	s1, [x19, #0x164]
     f34: 1e200823     	fmul	s3, s1, s0
     f38: bd016663     	str	s3, [x19, #0x164]
     f3c: f9001fff     	str	xzr, [sp, #0x38]
     f40: b9002fff     	str	wzr, [sp, #0x2c]
     f44: b94e9268     	ldr	w8, [x19, #0xe90]
     f48: 7100151f     	cmp	w8, #0x5
     f4c: 54000881     	b.ne	0x105c <f_1f3488+0x58>
     f50: 794002d5     	ldrh	w21, [x22]
     f54: 94080ab6     	bl	0x203a2c <f_841688+0x1ff78c>
     f58: 6b2022bf     	cmp	w21, w0, uxth
     f5c: d65f03c0     	ret

0000000000000f60 <f_1f2978>:
     f60: d10143ff     	sub	sp, sp, #0x50
     f64: f90013fe     	str	x30, [sp, #0x20]
     f68: a90357f6     	stp	x22, x21, [sp, #0x30]
     f6c: a9044ff4     	stp	x20, x19, [sp, #0x40]
     f70: aa0003f3     	mov	x19, x0
     f74: 7100043f     	cmp	w1, #0x1
     f78: 540004c0     	b.eq	0x1010 <f_1f3488+0xc>
     f7c: 35000f21     	cbnz	w1, 0x1160 <f_2041e8+0x14>
     f80: 52973c88     	mov	w8, #0xb9e4             // =47588
     f84: aa1303e0     	mov	x0, x19
     f88: 8b080276     	add	x22, x19, x8
     f8c: 94167a1e     	bl	0x59f804 <f_841688+0x59b564>
     f90: 794002c1     	ldrh	w1, [x22]
     f94: aa1303e0     	mov	x0, x19
     f98: 941685d6     	bl	0x5a26f0 <f_841688+0x59e450>
     f9c: 52973e88     	mov	w8, #0xb9f4             // =47604
     fa0: 8b080275     	add	x21, x19, x8
     fa4: 910043e1     	add	x1, sp, #0x10
     fa8: aa1303e0     	mov	x0, x19
     fac: f9000bff     	str	xzr, [sp, #0x10]
     fb0: b9001bff     	str	wzr, [sp, #0x18]
     fb4: aa1503e2     	mov	x2, x21
     fb8: 94162cb3     	bl	0x58c284 <f_841688+0x587fe4>
     fbc: f9400268     	ldr	x8, [x19]
     fc0: aa1303e0     	mov	x0, x19
     fc4: f948c908     	ldr	x8, [x8, #0x1190]
     fc8: d63f0100     	blr	x8
     fcc: 340000a0     	cbz	w0, 0xfe0 <f_1f2978+0x80>
     fd0: 910043e1     	add	x1, sp, #0x10
     fd4: aa1303e0     	mov	x0, x19
     fd8: 52800022     	mov	w2, #0x1                // =1
     fdc: 94168fbc     	bl	0x5a4ecc <f_841688+0x5a0c2c>
     fe0: aa1303e0     	mov	x0, x19
     fe4: 94172bc1     	bl	0x5cbee8 <f_841688+0x5c7c48>
     fe8: 794002c0     	ldrh	w0, [x22]
     fec: 94080847     	bl	0x203108 <f_841688+0x1fee68>
     ff0: b4000b80     	cbz	x0, 0x1160 <f_2041e8+0x14>
     ff4: b94e9268     	ldr	w8, [x19, #0xe90]
     ff8: aa0003f4     	mov	x20, x0
     ffc: 7100151f     	cmp	w8, #0x5
    1000: d65f03c0     	ret

0000000000001004 <f_1f3488>:
    1004: d61f0020     	br	x1
    1008: a8c14ffe     	ldp	x30, x19, [sp], #0x10
    100c: d65f03c0     	ret
    1010: d10143ff     	sub	sp, sp, #0x50
    1014: fd0013e8     	str	d8, [sp, #0x20]
    1018: f90017fe     	str	x30, [sp, #0x28]
    101c: a90357f6     	stp	x22, x21, [sp, #0x30]
    1020: a9044ff4     	stp	x20, x19, [sp, #0x40]
    1024: 52973c88     	mov	w8, #0xb9e4             // =47588
    1028: aa0003f3     	mov	x19, x0
    102c: 7100043f     	cmp	w1, #0x1
    1030: 8b080015     	add	x21, x0, x8
    1034: 540002c0     	b.eq	0x108c <f_1f3488+0x88>
    1038: 35001041     	cbnz	w1, 0x1240 <f_204c08+0x50>
    103c: 794002b4     	ldrh	w20, [x21]
    1040: 94080667     	bl	0x2029dc <f_841688+0x1fe73c>
    1044: 6b20229f     	cmp	w20, w0, uxth
    1048: 54000641     	b.ne	0x1110 <f_2040ac+0x68>
    104c: f9400268     	ldr	x8, [x19]
    1050: aa1303e0     	mov	x0, x19
    1054: f946e908     	ldr	x8, [x8, #0xdd0]
    1058: d63f0100     	blr	x8
    105c: 9415cd76     	bl	0x574634 <f_841688+0x570394>
    1060: 7107001f     	cmp	w0, #0x1c0
    1064: 54000100     	b.eq	0x1084 <f_1f3488+0x80>
    1068: f9400268     	ldr	x8, [x19]
    106c: aa1303e0     	mov	x0, x19
    1070: f946e908     	ldr	x8, [x8, #0xdd0]
    1074: d63f0100     	blr	x8
    1078: 9415cd6f     	bl	0x574634 <f_841688+0x570394>
    107c: 7107041f     	cmp	w0, #0x1c1
    1080: 54000481     	b.ne	0x1110 <f_2040ac+0x68>
    1084: 52807674     	mov	w20, #0x3b3             // =947
    1088: 1400003e     	b	0x1180 <f_2041e8+0x34>
    108c: 794002a0     	ldrh	w0, [x21]
    1090: 94080583     	bl	0x20269c <f_841688+0x1fe3fc>
    1094: b40001e0     	cbz	x0, 0x10d0 <f_2040ac+0x28>
    1098: bd400000     	ldr	s0, [x0]
    109c: aa1303e0     	mov	x0, x19
    10a0: bd406aa1     	ldr	s1, [x21, #0x68]
    10a4: d65f03c0     	ret

00000000000010a8 <f_2040ac>:
    10a8: a8c257fe     	ldp	x30, x21, [sp], #0x20
    10ac: d65f03c0     	ret
    10b0: 52a00028     	mov	w8, #0x10000            // =65536
    10b4: f9003428     	str	x8, [x1, #0x68]
    10b8: 1415cf0c     	b	0x574ce8 <f_841688+0x570a48>
    10bc: d10143ff     	sub	sp, sp, #0x50
    10c0: a90357fe     	stp	x30, x21, [sp, #0x30]
    10c4: a9044ff4     	stp	x20, x19, [sp, #0x40]
    10c8: 52973c88     	mov	w8, #0xb9e4             // =47588
    10cc: aa0003f3     	mov	x19, x0
    10d0: 78686800     	ldrh	w0, [x0, x8]
    10d4: 9407c292     	bl	0x1f1b1c <f_841688+0x1ed87c>
    10d8: b4000840     	cbz	x0, 0x11e0 <f_2041e8+0x94>
    10dc: 5296f308     	mov	w8, #0xb798             // =47000
    10e0: 8b080274     	add	x20, x19, x8
    10e4: 79449a95     	ldrh	w21, [x20, #0x24c]
    10e8: 9407c345     	bl	0x1f1dfc <f_841688+0x1edb5c>
    10ec: 6b2022bf     	cmp	w21, w0, uxth
    10f0: 54000581     	b.ne	0x11a0 <f_2041e8+0x54>
    10f4: b900029f     	str	wzr, [x20]
    10f8: f9400268     	ldr	x8, [x19]
    10fc: f94a3108     	ldr	x8, [x8, #0x1460]
    1100: aa1303e0     	mov	x0, x19
    1104: d63f0100     	blr	x8
    1108: f90013ff     	str	xzr, [sp, #0x20]
    110c: aa1303e0     	mov	x0, x19
    1110: b9002bff     	str	wzr, [sp, #0x28]
    1114: f9400268     	ldr	x8, [x19]
    1118: f946e908     	ldr	x8, [x8, #0xdd0]
    111c: d63f0100     	blr	x8
    1120: f9400008     	ldr	x8, [x0]
    1124: d000bce2     	adrp	x2, 0x179f000 <f_841688+0x179ad60>
    1128: 912ee442     	add	x2, x2, #0xbb9
    112c: f9465508     	ldr	x8, [x8, #0xca8]
    1130: 910083e1     	add	x1, sp, #0x20
    1134: d63f0100     	blr	x8
    1138: 2d4407e0     	ldp	s0, s1, [sp, #0x20]
    113c: 1e200800     	fmul	s0, s0, s0
    1140: 1f010020     	fmadd	s0, s1, s1, s0
    1144: bd402be1     	ldr	s1, [sp, #0x28]
    1148: d65f03c0     	ret

000000000000114c <f_2041e8>:
    114c: a94357fe     	ldp	x30, x21, [sp, #0x30]
    1150: 910143ff     	add	sp, sp, #0x50
    1154: d65f03c0     	ret
    1158: d10183ff     	sub	sp, sp, #0x60
    115c: f90013fe     	str	x30, [sp, #0x20]
    1160: a9035ff8     	stp	x24, x23, [sp, #0x30]
    1164: a90457f6     	stp	x22, x21, [sp, #0x40]
    1168: a9054ff4     	stp	x20, x19, [sp, #0x50]
    116c: 52973c88     	mov	w8, #0xb9e4             // =47588
    1170: 8b080016     	add	x22, x0, x8
    1174: f9400008     	ldr	x8, [x0]
    1178: f946e908     	ldr	x8, [x8, #0xdd0]
    117c: 2a0103f4     	mov	w20, w1
    1180: aa0003f3     	mov	x19, x0
    1184: d63f0100     	blr	x8
    1188: 52849808     	mov	w8, #0x24c0             // =9408
    118c: 72a00028     	movk	w8, #0x1, lsl #16
    1190: b8686808     	ldr	w8, [x0, x8]
    1194: 7100451f     	cmp	w8, #0x11
    1198: 54000380     	b.eq	0x1208 <f_204c08+0x18>
    119c: f9400268     	ldr	x8, [x19]
    11a0: aa1303e0     	mov	x0, x19
    11a4: f946e908     	ldr	x8, [x8, #0xdd0]
    11a8: d63f0100     	blr	x8
    11ac: 52849808     	mov	w8, #0x24c0             // =9408
    11b0: 72a00028     	movk	w8, #0x1, lsl #16
    11b4: b8686808     	ldr	w8, [x0, x8]
    11b8: 71009d1f     	cmp	w8, #0x27
    11bc: 54000260     	b.eq	0x1208 <f_204c08+0x18>
    11c0: f9400268     	ldr	x8, [x19]
    11c4: aa1303e0     	mov	x0, x19
    11c8: f946e908     	ldr	x8, [x8, #0xdd0]
    11cc: d63f0100     	blr	x8
    11d0: 52849808     	mov	w8, #0x24c0             // =9408
    11d4: 72a00028     	movk	w8, #0x1, lsl #16
    11d8: b8686808     	ldr	w8, [x0, x8]
    11dc: 7100551f     	cmp	w8, #0x15
    11e0: 54000140     	b.eq	0x1208 <f_204c08+0x18>
    11e4: f9400268     	ldr	x8, [x19]
    11e8: aa1303e0     	mov	x0, x19
    11ec: d65f03c0     	ret

00000000000011f0 <f_204c08>:
    11f0: 910083ff     	add	sp, sp, #0x20
    11f4: d65f03c0     	ret
    11f8: d10183ff     	sub	sp, sp, #0x60
    11fc: a9035ffe     	stp	x30, x23, [sp, #0x30]
    1200: a90457f6     	stp	x22, x21, [sp, #0x40]
    1204: a9054ff4     	stp	x20, x19, [sp, #0x50]
    1208: 52979d08     	mov	w8, #0xbce8             // =48360
    120c: 8b080015     	add	x21, x0, x8
    1210: 52973c88     	mov	w8, #0xb9e4             // =47588
    1214: aa0003f3     	mov	x19, x0
    1218: 7100083f     	cmp	w1, #0x2
    121c: 8b080014     	add	x20, x0, x8
    1220: 54000920     	b.eq	0x1344 <f_255ef8+0xc>
    1224: 7100043f     	cmp	w1, #0x1
    1228: 54000ae0     	b.eq	0x1384 <f_255ef8+0x4c>
    122c: 350014c1     	cbnz	w1, 0x14c4 <f_29b858+0x44>
    1230: f97486a8     	ldr	x8, [x21, #0x6908]
    1234: 52800029     	mov	w9, #0x1                // =1
    1238: aa1303e0     	mov	x0, x19
    123c: b9006d09     	str	w9, [x8, #0x6c]
    1240: b9005d1f     	str	wzr, [x8, #0x5c]
    1244: 94163170     	bl	0x58d804 <f_841688+0x589564>
    1248: aa1303e0     	mov	x0, x19
    124c: 2a1f03e1     	mov	w1, wzr
    1250: 94163d08     	bl	0x590670 <f_841688+0x58c3d0>
    1254: 79400280     	ldrh	w0, [x20]
    1258: 9407bfac     	bl	0x1f1108 <f_841688+0x1ece68>
    125c: b40002c0     	cbz	x0, 0x12b4 <f_21378c+0x20>
    1260: f9400269     	ldr	x9, [x19]
    1264: 52973e88     	mov	w8, #0xb9f4             // =47604
    1268: 8b080267     	add	x7, x19, x8
    126c: b9405004     	ldr	w4, [x0, #0x50]
    1270: 910083e1     	add	x1, sp, #0x20
    1274: 910043e2     	add	x2, sp, #0x10
    1278: f9402405     	ldr	x5, [x0, #0x48]
    127c: 9100b3e3     	add	x3, sp, #0x2c
    1280: b9406686     	ldr	w6, [x20, #0x64]
    1284: b9403c08     	ldr	w8, [x0, #0x3c]
    1288: aa1303e0     	mov	x0, x19
    128c: f948b129     	ldr	x9, [x9, #0x1160]
    1290: d65f03c0     	ret

0000000000001294 <f_21378c>:
    1294: a9025ff8     	stp	x24, x23, [sp, #0x20]
    1298: a90357f6     	stp	x22, x21, [sp, #0x30]
    129c: a9044ff4     	stp	x20, x19, [sp, #0x40]
    12a0: 52849708     	mov	w8, #0x24b8             // =9400
    12a4: 72a00028     	movk	w8, #0x1, lsl #16
    12a8: 8b080017     	add	x23, x0, x8
    12ac: 52973c08     	mov	w8, #0xb9e0             // =47584
    12b0: 8b080018     	add	x24, x0, x8
    12b4: 52973c88     	mov	w8, #0xb9e4             // =47588
    12b8: 78686813     	ldrh	w19, [x0, x8]
    12bc: aa0003f4     	mov	x20, x0
    12c0: f000bd20     	adrp	x0, 0x17a8000 <f_841688+0x17a3d60>
    12c4: 9128e800     	add	x0, x0, #0xa3a
    12c8: 940784e8     	bl	0x1e2668 <f_841688+0x1de3c8>
    12cc: 6b20227f     	cmp	w19, w0, uxth
    12d0: 540000a1     	b.ne	0x12e4 <f_21378c+0x50>
    12d4: 9000bc80     	adrp	x0, 0x1791000 <f_841688+0x178cd60>
    12d8: 910d8000     	add	x0, x0, #0x360
    12dc: 940784e3     	bl	0x1e2668 <f_841688+0x1de3c8>
    12e0: 1400000c     	b	0x1310 <f_21378c+0x7c>
    12e4: 79400b13     	ldrh	w19, [x24, #0x4]
    12e8: f000c420     	adrp	x0, 0x1888000 <f_841688+0x1883d60>
    12ec: 91067000     	add	x0, x0, #0x19c
    12f0: 940784de     	bl	0x1e2668 <f_841688+0x1de3c8>
    12f4: 6b20227f     	cmp	w19, w0, uxth
    12f8: 540000a1     	b.ne	0x130c <f_21378c+0x78>
    12fc: b000c780     	adrp	x0, 0x18f2000 <f_841688+0x18edd60>
    1300: 911f3c00     	add	x0, x0, #0x7cf
    1304: 940784d9     	bl	0x1e2668 <f_841688+0x1de3c8>
    1308: 14000002     	b	0x1310 <f_21378c+0x7c>
    130c: 79400b00     	ldrh	w0, [x24, #0x4]
    1310: 940784c6     	bl	0x1e2628 <f_841688+0x1de388>
    1314: 9000f988     	adrp	x8, 0x1f31000 <f_841688+0x1f2cd60>
    1318: f9424508     	ldr	x8, [x8, #0x488]
    131c: f9762515     	ldr	x21, [x8, #0x6c48]
    1320: aa0003f6     	mov	x22, x0
    1324: 2a1f03e0     	mov	w0, wzr
    1328: 9419b234     	bl	0x66dbf8 <f_841688+0x669958>
    132c: aa0003f3     	mov	x19, x0
    1330: b4002b16     	cbz	x22, 0x1890 <f_2a57a8+0x38>
    1334: d65f03c0     	ret

0000000000001338 <f_255ef8>:
    1338: a9195ff8     	stp	x24, x23, [sp, #0x190]
    133c: a91a57f6     	stp	x22, x21, [sp, #0x1a0]
    1340: a91b4ff4     	stp	x20, x19, [sp, #0x1b0]
    1344: 52848c08     	mov	w8, #0x2460             // =9312
    1348: 72a00028     	movk	w8, #0x1, lsl #16
    134c: 8b080019     	add	x25, x0, x8
    1350: 52973c08     	mov	w8, #0xb9e0             // =47584
    1354: 8b08001a     	add	x26, x0, x8
    1358: 52973c88     	mov	w8, #0xb9e4             // =47588
    135c: aa0003f3     	mov	x19, x0
    1360: 78686800     	ldrh	w0, [x0, x8]
    1364: 94067aff     	bl	0x19ff60 <f_841688+0x19bcc0>
    1368: 5284ca88     	mov	w8, #0x2654             // =9812
    136c: 72a00028     	movk	w8, #0x1, lsl #16
    1370: bc686a68     	ldr	s8, [x19, x8]
    1374: b40031a0     	cbz	x0, 0x19a8 <f_2f1454+0x8>
    1378: aa0003f6     	mov	x22, x0
    137c: 2a1f03e0     	mov	w0, wzr
    1380: 9418a86c     	bl	0x62b530 <f_841688+0x627290>
    1384: b4003120     	cbz	x0, 0x19a8 <f_2f1454+0x8>
    1388: 2a1f03e0     	mov	w0, wzr
    138c: 9418a869     	bl	0x62b530 <f_841688+0x627290>
    1390: f9400008     	ldr	x8, [x0]
    1394: aa0003f5     	mov	x21, x0
    1398: f9401508     	ldr	x8, [x8, #0x28]
    139c: d63f0100     	blr	x8
    13a0: b4003040     	cbz	x0, 0x19a8 <f_2f1454+0x8>
    13a4: 52973a08     	mov	w8, #0xb9d0             // =47568
    13a8: 8b080274     	add	x20, x19, x8
    13ac: d000f768     	adrp	x8, 0x1eef000 <f_841688+0x1eead60>
    13b0: f9436108     	ldr	x8, [x8, #0x6c0]
    13b4: 910183fb     	add	x27, sp, #0x60
    13b8: eb08001f     	cmp	x0, x8
    13bc: 54000080     	b.eq	0x13cc <f_255ef8+0x94>
    13c0: f9400c00     	ldr	x0, [x0, #0x18]
    13c4: b5ffffa0     	cbnz	x0, 0x13b8 <f_255ef8+0x80>
    13c8: 14000178     	b	0x19a8 <f_2f1454+0x8>
    13cc: b4002ef5     	cbz	x21, 0x19a8 <f_2f1454+0x8>
    13d0: f94002a8     	ldr	x8, [x21]
    13d4: aa1503e0     	mov	x0, x21
    13d8: d65f03c0     	ret

00000000000013dc <f_257504>:
    13dc: a9002ea8     	stp	x8, x11, [x21]
    13e0: f9000aa9     	str	x9, [x21, #0x10]
    13e4: 54fffce1     	b.ne	0x1380 <f_255ef8+0x48>
    13e8: 17ffffec     	b	0x1398 <f_255ef8+0x60>
    13ec: aa1503e0     	mov	x0, x21
    13f0: 9442706e     	bl	0x109d5a8 <f_841688+0x1099308>
    13f4: f81e0ffe     	str	x30, [sp, #-0x20]!
    13f8: a9014ff4     	stp	x20, x19, [sp, #0x10]
    13fc: 52973c88     	mov	w8, #0xb9e4             // =47588
    1400: aa0003f3     	mov	x19, x0
    1404: 78686800     	ldrh	w0, [x0, x8]
    1408: 9406757c     	bl	0x19e9f8 <f_841688+0x19a758>
    140c: b40001c0     	cbz	x0, 0x1444 <f_257504+0x68>
    1410: b9405008     	ldr	w8, [x0, #0x50]
    1414: aa0003f4     	mov	x20, x0
    1418: 7100211f     	cmp	w8, #0x8
    141c: 54000141     	b.ne	0x1444 <f_257504+0x68>
    1420: 52800028     	mov	w8, #0x1                // =1
    1424: aa1303e0     	mov	x0, x19
    1428: b9005288     	str	w8, [x20, #0x50]
    142c: 9414900b     	bl	0x525458 <f_841688+0x5211b8>
    1430: 52800108     	mov	w8, #0x8                // =8
    1434: b9005288     	str	w8, [x20, #0x50]
    1438: a9414ff4     	ldp	x20, x19, [sp, #0x10]
    143c: f84207fe     	ldr	x30, [sp], #0x20
    1440: d65f03c0     	ret
    1444: aa1303e0     	mov	x0, x19
    1448: a9414ff4     	ldp	x20, x19, [sp, #0x10]
    144c: f84207fe     	ldr	x30, [sp], #0x20
    1450: 14149002     	b	0x525458 <f_841688+0x5211b8>
    1454: 5284c808     	mov	w8, #0x2640             // =9792
    1458: 72a00028     	movk	w8, #0x1, lsl #16
    145c: 8b080000     	add	x0, x0, x8
    1460: d65f03c0     	ret
    1464: 5284ca88     	mov	w8, #0x2654             // =9812
    1468: 72a00028     	movk	w8, #0x1, lsl #16
    146c: 8b080008     	add	x8, x0, x8
    1470: 52800029     	mov	w9, #0x1                // =1
    1474: b900011f     	str	wzr, [x8]
    1478: b9001d09     	str	w9, [x8, #0x1c]
    147c: d65f03c0     	ret

0000000000001480 <f_29b858>:
    1480: 72a00028     	movk	w8, #0x1, lsl #16
    1484: b000c4c9     	adrp	x9, 0x189a000 <f_841688+0x1895d60>
    1488: 9108b129     	add	x9, x9, #0x22c
    148c: 2a0103ea     	mov	w10, w1
    1490: 1000010b     	adr	x11, 0x14b0 <f_29b858+0x30>
    1494: 786a792c     	ldrh	w12, [x9, x10, lsl #1]
    1498: 8b0c096b     	add	x11, x11, x12, lsl #2
    149c: 8b080018     	add	x24, x0, x8
    14a0: 52973c88     	mov	w8, #0xb9e4             // =47588
    14a4: aa0003f3     	mov	x19, x0
    14a8: 8b080019     	add	x25, x0, x8
    14ac: d61f0160     	br	x11
    14b0: 52973e88     	mov	w8, #0xb9f4             // =47604
    14b4: 8b080275     	add	x21, x19, x8
    14b8: 910043e1     	add	x1, sp, #0x10
    14bc: aa1303e0     	mov	x0, x19
    14c0: f9000bff     	str	xzr, [sp, #0x10]
    14c4: b9001bff     	str	wzr, [sp, #0x18]
    14c8: aa1503e2     	mov	x2, x21
    14cc: 941388fe     	bl	0x4e38c4 <f_841688+0x4df624>
    14d0: 910043e1     	add	x1, sp, #0x10
    14d4: aa1303e0     	mov	x0, x19
    14d8: 52800022     	mov	w2, #0x1                // =1
    14dc: 9413ec0c     	bl	0x4fc50c <f_841688+0x4f826c>
    14e0: 79400320     	ldrh	w0, [x25]
    14e4: 94056499     	bl	0x15a748 <f_841688+0x1564a8>
    14e8: b4000620     	cbz	x0, 0x15ac <f_29bc9c+0x88>
    14ec: f9400268     	ldr	x8, [x19]
    14f0: aa0003f4     	mov	x20, x0
    14f4: 9100b3e1     	add	x1, sp, #0x2c
    14f8: b9405004     	ldr	w4, [x0, #0x50]
    14fc: 9100a3e2     	add	x2, sp, #0x28
    1500: 910033e3     	add	x3, sp, #0xc
    1504: f9402405     	ldr	x5, [x0, #0x48]
    1508: aa1303e0     	mov	x0, x19
    150c: aa1503e7     	mov	x7, x21
    1510: b9406726     	ldr	w6, [x25, #0x64]
    1514: f948b108     	ldr	x8, [x8, #0x1160]
    1518: b90003ff     	str	wzr, [sp]
    151c: d63f0100     	blr	x8
    1520: d65f03c0     	ret

0000000000001524 <f_29bc9c>:
    1524: 9101c3ff     	add	sp, sp, #0x70
    1528: d65f03c0     	ret
    152c: f81e0ffe     	str	x30, [sp, #-0x20]!
    1530: a9014ff4     	stp	x20, x19, [sp, #0x10]
    1534: aa0003f3     	mov	x19, x0
    1538: 7100043f     	cmp	w1, #0x1
    153c: 54000400     	b.eq	0x15bc <f_29bc9c+0x98>
    1540: 35000581     	cbnz	w1, 0x15f0 <f_29d98c+0x28>
    1544: 52973c88     	mov	w8, #0xb9e4             // =47588
    1548: 8b080274     	add	x20, x19, x8
    154c: 79400281     	ldrh	w1, [x20]
    1550: 9000c222     	adrp	x2, 0x1845000 <f_841688+0x1840d60>
    1554: 913e6842     	add	x2, x2, #0xf9a
    1558: aa1303e0     	mov	x0, x19
    155c: 9413e683     	bl	0x4faf68 <f_841688+0x4f6cc8>
    1560: 35000120     	cbnz	w0, 0x1584 <f_29bc9c+0x60>
    1564: 79400281     	ldrh	w1, [x20]
    1568: 9000b8a2     	adrp	x2, 0x1715000 <f_841688+0x1710d60>
    156c: 91194442     	add	x2, x2, #0x651
    1570: aa1303e0     	mov	x0, x19
    1574: 9413e67d     	bl	0x4faf68 <f_841688+0x4f6cc8>
    1578: 35000060     	cbnz	w0, 0x1584 <f_29bc9c+0x60>
    157c: aa1303e0     	mov	x0, x19
    1580: 9413d549     	bl	0x4f6aa4 <f_841688+0x4f2804>
    1584: 79400281     	ldrh	w1, [x20]
    1588: aa1303e0     	mov	x0, x19
    158c: 9413e101     	bl	0x4f9990 <f_841688+0x4f56f0>
    1590: 1e2e1000     	fmov	s0, #1.00000000
    1594: 52807601     	mov	w1, #0x3b0              // =944
    1598: 12800002     	mov	w2, #-0x1               // =-1
    159c: aa1303e0     	mov	x0, x19
    15a0: 2a1f03e3     	mov	w3, wzr
    15a4: 2a1f03e4     	mov	w4, wzr
    15a8: 94132ba3     	bl	0x4cc434 <f_841688+0x4c8194>
    15ac: aa1303e0     	mov	x0, x19
    15b0: a9414ff4     	ldp	x20, x19, [sp, #0x10]
    15b4: f84207fe     	ldr	x30, [sp], #0x20
    15b8: 1413ad00     	b	0x4ec9b8 <f_841688+0x4e8718>
    15bc: aa1303e0     	mov	x0, x19
    15c0: 52800022     	mov	w2, #0x1                // =1
    15c4: d65f03c0     	ret

00000000000015c8 <f_29d98c>:
    15c8: b9404508     	ldr	w8, [x8, #0x44]
    15cc: 35002548     	cbnz	w8, 0x1a74 <f_3019b8+0x30>
    15d0: 1400014a     	b	0x1af8 <f_31dc64+0x10>
    15d4: f94aca60     	ldr	x0, [x19, #0x1590]
    15d8: 94142e05     	bl	0x50cdec <f_841688+0x508b4c>
    15dc: 2a0003e8     	mov	w8, w0
    15e0: f94aca60     	ldr	x0, [x19, #0x1590]
    15e4: 340015e8     	cbz	w8, 0x18a0 <f_2a57a8+0x48>
    15e8: 52973c88     	mov	w8, #0xb9e4             // =47588
    15ec: 78686814     	ldrh	w20, [x0, x8]
    15f0: f000bf00     	adrp	x0, 0x17e4000 <f_841688+0x17dfd60>
    15f4: 9123ec00     	add	x0, x0, #0x8fb
    15f8: 94055c69     	bl	0x15879c <f_841688+0x1544fc>
    15fc: 2a0003e8     	mov	w8, w0
    1600: f94aca60     	ldr	x0, [x19, #0x1590]
    1604: 6b28229f     	cmp	w20, w8, uxth
    1608: 54001d41     	b.ne	0x19b0 <f_2f1454+0x10>
    160c: 94001392     	bl	0x6454 <f_841688+0x21b4>
    1610: 140000e9     	b	0x19b4 <f_2f1454+0x14>
    1614: b9406a61     	ldr	w1, [x19, #0x68]
    1618: 7100191f     	cmp	w8, #0x6
    161c: 54000d81     	b.ne	0x17cc <f_2a3ecc+0x18>
    1620: 9000bc60     	adrp	x0, 0x178d000 <f_841688+0x1788d60>
    1624: 91271400     	add	x0, x0, #0x9c5
    1628: 943ddef5     	bl	0xf791fc <f_841688+0xf74f5c>
    162c: d2800548     	mov	x8, #0x2a               // =42
    1630: f2c00688     	movk	x8, #0x34, lsl #32
    1634: f9002be8     	str	x8, [sp, #0x50]
    1638: 910143e0     	add	x0, sp, #0x50
    163c: 52800041     	mov	w1, #0x2                // =2
    1640: 1400006e     	b	0x17f8 <f_2a3ecc+0x44>
    1644: f94aca60     	ldr	x0, [x19, #0x1590]
    1648: 94001365     	bl	0x63dc <f_841688+0x213c>
    164c: f94aca60     	ldr	x0, [x19, #0x1590]
    1650: 5281d188     	mov	w8, #0xe8c              // =3724
    1654: 72a00028     	movk	w8, #0x1, lsl #16
    1658: 52933349     	mov	w9, #0x999a             // =39322
    165c: 72a7e329     	movk	w9, #0x3f19, lsl #16
    1660: b8286809     	str	w9, [x0, x8]
    1664: b955ba68     	ldr	w8, [x19, #0x15b8]
    1668: d65f03c0     	ret

000000000000166c <f_29da2c>:
    166c: 11000508     	add	w8, w8, #0x1
    1670: b915ba68     	str	w8, [x19, #0x15b8]
    1674: 94142ddf     	bl	0x50cdf0 <f_841688+0x508b50>
    1678: 34000540     	cbz	w0, 0x1720 <f_2a31a0+0x10>
    167c: f94aca68     	ldr	x8, [x19, #0x1590]
    1680: b94e9509     	ldr	w9, [x8, #0xe94]
    1684: 7100613f     	cmp	w9, #0x18
    1688: 540004c0     	b.eq	0x1720 <f_2a31a0+0x10>
    168c: 52973c89     	mov	w9, #0xb9e4             // =47588
    1690: 8b090115     	add	x21, x8, x9
    1694: 794002b7     	ldrh	w23, [x21]
    1698: f000bf00     	adrp	x0, 0x17e4000 <f_841688+0x17dfd60>
    169c: 9123ec00     	add	x0, x0, #0x8fb
    16a0: 94055c40     	bl	0x1587a0 <f_841688+0x154500>
    16a4: 6b2022ff     	cmp	w23, w0, uxth
    16a8: 540001a0     	b.eq	0x16dc <f_29da2c+0x70>
    16ac: 794002b7     	ldrh	w23, [x21]
    16b0: d000c140     	adrp	x0, 0x182b000 <f_841688+0x1826d60>
    16b4: 913b0c00     	add	x0, x0, #0xec3
    16b8: 94055c3a     	bl	0x1587a0 <f_841688+0x154500>
    16bc: 6b2022ff     	cmp	w23, w0, uxth
    16c0: 540000e0     	b.eq	0x16dc <f_29da2c+0x70>
    16c4: 794002b5     	ldrh	w21, [x21]
    16c8: f000b9a0     	adrp	x0, 0x1738000 <f_841688+0x1733d60>
    16cc: 9108ec00     	add	x0, x0, #0x23b
    16d0: 94055c34     	bl	0x1587a0 <f_841688+0x154500>
    16d4: 6b2022bf     	cmp	w21, w0, uxth
    16d8: 54002701     	b.ne	0x1bb8 <f_32e698+0x2c>
    16dc: f94aca60     	ldr	x0, [x19, #0x1590]
    16e0: 9400135e     	bl	0x6458 <f_841688+0x21b8>
    16e4: b9406a61     	ldr	w1, [x19, #0x68]
    16e8: f000bf60     	adrp	x0, 0x17f0000 <f_841688+0x17ebd60>
    16ec: 91278800     	add	x0, x0, #0x9e2
    16f0: 943ddec4     	bl	0xf79200 <f_841688+0xf74f60>
    16f4: 9000b828     	adrp	x8, 0x1705000 <f_841688+0x1700d60>
    16f8: fd403900     	ldr	d0, [x8, #0x70]
    16fc: 52800028     	mov	w8, #0x1                // =1
    1700: fd000280     	str	d0, [x20]
    1704: b915ce68     	str	w8, [x19, #0x15cc]
    1708: f94aca68     	ldr	x8, [x19, #0x1590]
    170c: d65f03c0     	ret

0000000000001710 <f_2a31a0>:
    1710: 3968094a     	ldrb	w10, [x10, #0xa02]
    1714: 1aca0a6a     	udiv	w10, w19, w10
    1718: 1aca0d29     	sdiv	w9, w9, w10
    171c: 35000469     	cbnz	w9, 0x17a8 <f_2a31a0+0x98>
    1720: 39408108     	ldrb	w8, [x8, #0x20]
    1724: 36300428     	tbz	w8, #0x6, 0x17a8 <f_2a31a0+0x98>
    1728: 52979d08     	mov	w8, #0xbce8             // =48360
    172c: 8b080296     	add	x22, x20, x8
    1730: 52973c88     	mov	w8, #0xb9e4             // =47588
    1734: 9000f51b     	adrp	x27, 0x1ea1000 <f_841688+0x1e9cd60>
    1738: f942477b     	ldr	x27, [x27, #0x488]
    173c: 8b08029a     	add	x26, x20, x8
    1740: 910043e8     	add	x8, sp, #0x10
    1744: 91006117     	add	x23, x8, #0x18
    1748: 52974008     	mov	w8, #0xba00             // =47616
    174c: 8b080298     	add	x24, x20, x8
    1750: 9101e3e8     	add	x8, sp, #0x78
    1754: aa1f03f9     	mov	x25, xzr
    1758: b000bee1     	adrp	x1, 0x17de000 <f_841688+0x17d9d60>
    175c: 9123ec21     	add	x1, x1, #0x8fb
    1760: 9100211c     	add	x28, x8, #0x8
    1764: f9760b68     	ldr	x8, [x27, #0x6c10]
    1768: f9405d00     	ldr	x0, [x8, #0xb8]
    176c: 9415ac80     	bl	0x56c96c <f_841688+0x5686cc>
    1770: 79400348     	ldrh	w8, [x26]
    1774: 6b20211f     	cmp	w8, w0, uxth
    1778: 54000081     	b.ne	0x1788 <f_2a31a0+0x78>
    177c: 794012a8     	ldrh	w8, [x21, #0x8]
    1780: 6b20211f     	cmp	w8, w0, uxth
    1784: 54000221     	b.ne	0x17c8 <f_2a3ecc+0x14>
    1788: 71000f3f     	cmp	w25, #0x3
    178c: 54000ce8     	b.hi	0x1928 <f_2da414+0x2c>
    1790: f8797b81     	ldr	x1, [x28, x25, lsl #3]
    1794: 91000739     	add	x25, x25, #0x1
    1798: 17fffff3     	b	0x1764 <f_2a31a0+0x54>
    179c: 529fffe8     	mov	w8, #0xffff             // =65535
    17a0: 790012a8     	strh	w8, [x21, #0x8]
    17a4: b933bebf     	str	wzr, [x21, #0x33bc]
    17a8: a94f4ff4     	ldp	x20, x19, [sp, #0xf0]
    17ac: f94053fe     	ldr	x30, [sp, #0xa0]
    17b0: d65f03c0     	ret

00000000000017b4 <f_2a3ecc>:
    17b4: f9424694     	ldr	x20, [x20, #0x488]
    17b8: aa0003f3     	mov	x19, x0
    17bc: 7100111f     	cmp	w8, #0x4
    17c0: 54000380     	b.eq	0x1830 <f_2a3ecc+0x7c>
    17c4: 7100051f     	cmp	w8, #0x1
    17c8: 54000400     	b.eq	0x1848 <f_2a3ecc+0x94>
    17cc: 350004a8     	cbnz	w8, 0x1860 <f_2a57a8+0x8>
    17d0: f9760a89     	ldr	x9, [x20, #0x6c10]
    17d4: 52973c88     	mov	w8, #0xb9e4             // =47588
    17d8: 8b080268     	add	x8, x19, x8
    17dc: 79400100     	ldrh	w0, [x8]
    17e0: f9411136     	ldr	x22, [x9, #0x220]
    17e4: 94054309     	bl	0x152408 <f_841688+0x14e168>
    17e8: b40003c0     	cbz	x0, 0x1860 <f_2a57a8+0x8>
    17ec: b94046c8     	ldr	w8, [x22, #0x44]
    17f0: 34000388     	cbz	w8, 0x1860 <f_2a57a8+0x8>
    17f4: b9405001     	ldr	w1, [x0, #0x50]
    17f8: aa1303e0     	mov	x0, x19
    17fc: 94135545     	bl	0x4d6d10 <f_841688+0x4d2a70>
    1800: 35000300     	cbnz	w0, 0x1860 <f_2a57a8+0x8>
    1804: 52800028     	mov	w8, #0x1                // =1
    1808: 52800281     	mov	w1, #0x14               // =20
    180c: b90002a8     	str	w8, [x21]
    1810: aa1303e0     	mov	x0, x19
    1814: 52800022     	mov	w2, #0x1                // =1
    1818: 9413cae1     	bl	0x4f439c <f_841688+0x4f00fc>
    181c: f9400268     	ldr	x8, [x19]
    1820: aa1303e0     	mov	x0, x19
    1824: f946fd08     	ldr	x8, [x8, #0xdf8]
    1828: d63f0100     	blr	x8
    182c: 1400000d     	b	0x1860 <f_2a57a8+0x8>
    1830: aa1303e0     	mov	x0, x19
    1834: 94130adb     	bl	0x4c43a0 <f_841688+0x4c0100>
    1838: 710eb41f     	cmp	w0, #0x3ad
    183c: 54000121     	b.ne	0x1860 <f_2a57a8+0x8>
    1840: 528000a8     	mov	w8, #0x5                // =5
    1844: 14000006     	b	0x185c <f_2a57a8+0x4>
    1848: aa1303e0     	mov	x0, x19
    184c: 94130ad5     	bl	0x4c43a0 <f_841688+0x4c0100>
    1850: 710eb41f     	cmp	w0, #0x3ad
    1854: d65f03c0     	ret

0000000000001858 <f_2a57a8>:
    1858: 72a00028     	movk	w8, #0x1, lsl #16
    185c: f000c469     	adrp	x9, 0x1890000 <f_841688+0x188bd60>
    1860: 910e5d29     	add	x9, x9, #0x397
    1864: 2a0103ea     	mov	w10, w1
    1868: 100000eb     	adr	x11, 0x1884 <f_2a57a8+0x2c>
    186c: 386a692c     	ldrb	w12, [x9, x10]
    1870: 8b0c096b     	add	x11, x11, x12, lsl #2
    1874: 8b080277     	add	x23, x19, x8
    1878: 52973c88     	mov	w8, #0xb9e4             // =47588
    187c: 8b080276     	add	x22, x19, x8
    1880: d61f0160     	br	x11
    1884: aa1303e0     	mov	x0, x19
    1888: 9414604a     	bl	0x5199b0 <f_841688+0x515710>
    188c: 52973e88     	mov	w8, #0xb9f4             // =47604
    1890: 8b080274     	add	x20, x19, x8
    1894: 910083e1     	add	x1, sp, #0x20
    1898: aa1303e0     	mov	x0, x19
    189c: f90013ff     	str	xzr, [sp, #0x20]
    18a0: b9002bff     	str	wzr, [sp, #0x28]
    18a4: aa1403e2     	mov	x2, x20
    18a8: 94136129     	bl	0x4d9d4c <f_841688+0x4d5aac>
    18ac: f9400268     	ldr	x8, [x19]
    18b0: aa1303e0     	mov	x0, x19
    18b4: f948c908     	ldr	x8, [x8, #0x1190]
    18b8: d63f0100     	blr	x8
    18bc: 340000a0     	cbz	w0, 0x18d0 <f_2a57a8+0x78>
    18c0: 910083e1     	add	x1, sp, #0x20
    18c4: aa1303e0     	mov	x0, x19
    18c8: 52800022     	mov	w2, #0x1                // =1
    18cc: 9413c432     	bl	0x4f2994 <f_841688+0x4ee6f4>
    18d0: 794002c0     	ldrh	w0, [x22]
    18d4: 94053cbf     	bl	0x150bd0 <f_841688+0x14c930>
    18d8: b4000420     	cbz	x0, 0x195c <f_2da414+0x60>
    18dc: f9400269     	ldr	x9, [x19]
    18e0: aa0003f5     	mov	x21, x0
    18e4: 910073e1     	add	x1, sp, #0x1c
    18e8: b9405004     	ldr	w4, [x0, #0x50]
    18ec: 910063e2     	add	x2, sp, #0x18
    18f0: 910053e3     	add	x3, sp, #0x14
    18f4: f9402405     	ldr	x5, [x0, #0x48]
    18f8: d65f03c0     	ret

00000000000018fc <f_2da414>:
    18fc: f9456108     	ldr	x8, [x8, #0xac0]
    1900: 2907567f     	stp	wzr, w21, [x19, #0x38]
    1904: f9400108     	ldr	x8, [x8]
    1908: f940a514     	ldr	x20, [x8, #0x148]
    190c: b40025b4     	cbz	x20, 0x1dc0 <f_344960+0x48>
    1910: 52849c08     	mov	w8, #0x24e0             // =9440
    1914: 72a00028     	movk	w8, #0x1, lsl #16
    1918: 8b08029c     	add	x28, x20, x8
    191c: 52973c88     	mov	w8, #0xb9e4             // =47588
    1920: 8b080288     	add	x8, x20, x8
    1924: 79400100     	ldrh	w0, [x8]
    1928: 940469b8     	bl	0x11c008 <f_841688+0x117d68>
    192c: 52973f88     	mov	w8, #0xb9fc             // =47612
    1930: 52973e89     	mov	w9, #0xb9f4             // =47604
    1934: aa1303f8     	mov	x24, x19
    1938: b8686a88     	ldr	w8, [x20, x8]
    193c: aa1303f7     	mov	x23, x19
    1940: f8696a89     	ldr	x9, [x20, x9]
    1944: b9002268     	str	w8, [x19, #0x20]
    1948: f8018f09     	str	x9, [x24, #0x18]!
    194c: 52974009     	mov	w9, #0xba00             // =47616
    1950: 52974108     	mov	w8, #0xba08             // =47624
    1954: aa0003f6     	mov	x22, x0
    1958: f8696a89     	ldr	x9, [x20, x9]
    195c: b8686a88     	ldr	w8, [x20, x8]
    1960: f8024ee9     	str	x9, [x23, #0x24]!
    1964: b9000ae8     	str	w8, [x23, #0x8]
    1968: 34000375     	cbz	w21, 0x19d4 <f_2f1454+0x34>
    196c: aa1303fa     	mov	x26, x19
    1970: 510006a8     	sub	w8, w21, #0x1
    1974: 7100111f     	cmp	w8, #0x4
    1978: b8014f5f     	str	wzr, [x26, #0x14]!
    197c: 54000688     	b.hi	0x1a4c <f_3019b8+0x8>
    1980: d000c2c9     	adrp	x9, 0x185b000 <f_841688+0x1856d60>
    1984: 9125c129     	add	x9, x9, #0x970
    1988: 1000008a     	adr	x10, 0x1998 <f_2da414+0x9c>
    198c: 3868692b     	ldrb	w11, [x9, x8]
    1990: 8b0b094a     	add	x10, x10, x11, lsl #2
    1994: d61f0140     	br	x10
    1998: f000c269     	adrp	x9, 0x1850000 <f_841688+0x184bd60>
    199c: d65f03c0     	ret

00000000000019a0 <f_2f1454>:
    19a0: a9015ff8     	stp	x24, x23, [sp, #0x10]
    19a4: a90257f6     	stp	x22, x21, [sp, #0x20]
    19a8: a9034ff4     	stp	x20, x19, [sp, #0x30]
    19ac: d000f296     	adrp	x22, 0x1e53000 <f_841688+0x1e4ed60>
    19b0: f94246d6     	ldr	x22, [x22, #0x488]
    19b4: f9760ac8     	ldr	x8, [x22, #0x6c10]
    19b8: f9411108     	ldr	x8, [x8, #0x220]
    19bc: b941c118     	ldr	w24, [x8, #0x1c0]
    19c0: 52973c88     	mov	w8, #0xb9e4             // =47588
    19c4: aa0003f3     	mov	x19, x0
    19c8: 78686800     	ldrh	w0, [x0, x8]
    19cc: 94040da8     	bl	0x10506c <f_841688+0x100dcc>
    19d0: b40008c0     	cbz	x0, 0x1ae8 <f_31dc64>
    19d4: 52973408     	mov	w8, #0xb9a0             // =47520
    19d8: 8b080275     	add	x21, x19, x8
    19dc: f97656a8     	ldr	x8, [x21, #0x6ca8]
    19e0: b4000848     	cbz	x8, 0x1ae8 <f_31dc64>
    19e4: aa0003f4     	mov	x20, x0
    19e8: 2a1f03e0     	mov	w0, wzr
    19ec: 94163b14     	bl	0x59063c <f_841688+0x58c39c>
    19f0: b40007c0     	cbz	x0, 0x1ae8 <f_31dc64>
    19f4: a94022a9     	ldp	x9, x8, [x21]
    19f8: eb09011f     	cmp	x8, x9
    19fc: 54000620     	b.eq	0x1ac0 <f_3019b8+0x7c>
    1a00: f97656a0     	ldr	x0, [x21, #0x6ca8]
    1a04: aa1403e1     	mov	x1, x20
    1a08: 94000e8b     	bl	0x5434 <f_841688+0x1194>
    1a0c: f97626d7     	ldr	x23, [x22, #0x6c48]
    1a10: b4000597     	cbz	x23, 0x1ac0 <f_3019b8+0x7c>
    1a14: 340000d8     	cbz	w24, 0x1a2c <f_2f1454+0x8c>
    1a18: 7100071f     	cmp	w24, #0x1
    1a1c: 54000161     	b.ne	0x1a48 <f_3019b8+0x4>
    1a20: b000b8a2     	adrp	x2, 0x1716000 <f_841688+0x1711d60>
    1a24: 913e4c42     	add	x2, x2, #0xf93
    1a28: 14000003     	b	0x1a34 <f_2f1454+0x94>
    1a2c: d000b6a2     	adrp	x2, 0x16d7000 <f_841688+0x16d2d60>
    1a30: 913bc042     	add	x2, x2, #0xef0
    1a34: f9769ac0     	ldr	x0, [x22, #0x6d30]
    1a38: 9000bbc1     	adrp	x1, 0x1779000 <f_841688+0x1774d60>
    1a3c: 9101e021     	add	x1, x1, #0x78
    1a40: d65f03c0     	ret

0000000000001a44 <f_3019b8>:
    1a44: aa1303e0     	mov	x0, x19
    1a48: 940ccfe4     	bl	0x3359d8 <f_841688+0x331738>
    1a4c: aa1303e0     	mov	x0, x19
    1a50: a8c14ffe     	ldp	x30, x19, [sp], #0x10
    1a54: 1439a59e     	b	0xe6b0cc <f_841688+0xe66e2c>
    1a58: f81d0ffe     	str	x30, [sp, #-0x30]!
    1a5c: a90157f6     	stp	x22, x21, [sp, #0x10]
    1a60: a9024ff4     	stp	x20, x19, [sp, #0x20]
    1a64: 52973c88     	mov	w8, #0xb9e4             // =47588
    1a68: 8b080015     	add	x21, x0, x8
    1a6c: aa0003f3     	mov	x19, x0
    1a70: 794002a0     	ldrh	w0, [x21]
    1a74: 9403cc4e     	bl	0xf4bac <f_841688+0xf090c>
    1a78: b40000c0     	cbz	x0, 0x1a90 <f_3019b8+0x4c>
    1a7c: 794002b6     	ldrh	w22, [x21]
    1a80: aa0003f4     	mov	x20, x0
    1a84: 9403cc7a     	bl	0xf4c6c <f_841688+0xf09cc>
    1a88: 6b2022df     	cmp	w22, w0, uxth
    1a8c: 540000a1     	b.ne	0x1aa0 <f_3019b8+0x5c>
    1a90: a9424ff4     	ldp	x20, x19, [sp, #0x20]
    1a94: a94157f6     	ldp	x22, x21, [sp, #0x10]
    1a98: f84307fe     	ldr	x30, [sp], #0x30
    1a9c: d65f03c0     	ret
    1aa0: b94056a8     	ldr	w8, [x21, #0x54]
    1aa4: b9404a89     	ldr	w9, [x20, #0x48]
    1aa8: 2a080128     	orr	w8, w9, w8
    1aac: 368802a8     	tbz	w8, #0x11, 0x1b00 <f_31dc64+0x18>
    1ab0: aa1303e0     	mov	x0, x19
    1ab4: 9412ae15     	bl	0x4ad308 <f_841688+0x4a9068>
    1ab8: 34000240     	cbz	w0, 0x1b00 <f_31dc64+0x18>
    1abc: d000f228     	adrp	x8, 0x1e47000 <f_841688+0x1e42d60>
    1ac0: f9456108     	ldr	x8, [x8, #0xac0]
    1ac4: f9400108     	ldr	x8, [x8]
    1ac8: b4000088     	cbz	x8, 0x1ad8 <f_3019b8+0x94>
    1acc: 52800029     	mov	w9, #0x1                // =1
    1ad0: b9032509     	str	w9, [x8, #0x324]
    1ad4: 1400000b     	b	0x1b00 <f_31dc64+0x18>
    1ad8: f9400268     	ldr	x8, [x19]
    1adc: aa1303e0     	mov	x0, x19
    1ae0: f94a0908     	ldr	x8, [x8, #0x1410]
    1ae4: d65f03c0     	ret

0000000000001ae8 <f_31dc64>:
    1ae8: b8686a68     	ldr	w8, [x19, x8]
    1aec: 7100011f     	cmp	w8, #0x0
    1af0: 1a9f0400     	csinc	w0, w0, wzr, eq
    1af4: a8c14ffe     	ldp	x30, x19, [sp], #0x10
    1af8: d65f03c0     	ret
    1afc: a9be57fe     	stp	x30, x21, [sp, #-0x20]!
    1b00: a9014ff4     	stp	x20, x19, [sp, #0x10]
    1b04: b40002e2     	cbz	x2, 0x1b60 <f_31dc64+0x78>
    1b08: 52973c88     	mov	w8, #0xb9e4             // =47588
    1b0c: 8b080008     	add	x8, x0, x8
    1b10: b9406109     	ldr	w9, [x8, #0x60]
    1b14: 7109653f     	cmp	w9, #0x259
    1b18: b94e9409     	ldr	w9, [x0, #0xe94]
    1b1c: aa0003f4     	mov	x20, x0
    1b20: 1a9f27f3     	cset	w19, lo
    1b24: 7102993f     	cmp	w9, #0xa6
    1b28: 54000141     	b.ne	0x1b50 <f_31dc64+0x68>
    1b2c: 79400115     	ldrh	w21, [x8]
    1b30: 94035d1d     	bl	0xd8fa4 <f_841688+0xd4d04>
    1b34: 6b2022bf     	cmp	w21, w0, uxth
    1b38: 540000c1     	b.ne	0x1b50 <f_31dc64+0x68>
    1b3c: 5284a588     	mov	w8, #0x252c             // =9516
    1b40: 72a00028     	movk	w8, #0x1, lsl #16
    1b44: 2a1f03f3     	mov	w19, wzr
    1b48: 8b080288     	add	x8, x20, x8
    1b4c: b900011f     	str	wzr, [x8]
    1b50: 2a1303e0     	mov	w0, w19
    1b54: a9414ff4     	ldp	x20, x19, [sp, #0x10]
    1b58: a8c257fe     	ldp	x30, x21, [sp], #0x20
    1b5c: d65f03c0     	ret
    1b60: 2a1f03f3     	mov	w19, wzr
    1b64: 2a1303e0     	mov	w0, w19
    1b68: a9414ff4     	ldp	x20, x19, [sp, #0x10]
    1b6c: a8c257fe     	ldp	x30, x21, [sp], #0x20
    1b70: d65f03c0     	ret
    1b74: a9bf4ffe     	stp	x30, x19, [sp, #-0x10]!
    1b78: aa0003f3     	mov	x19, x0
    1b7c: 94134951     	bl	0x4d40c0 <f_841688+0x4cfe20>
    1b80: 5284a588     	mov	w8, #0x252c             // =9516
    1b84: 72a00028     	movk	w8, #0x1, lsl #16
    1b88: d65f03c0     	ret

0000000000001b8c <f_32e698>:
    1b8c: 6d0123e9     	stp	d9, d8, [sp, #0x10]
    1b90: a9027bfd     	stp	x29, x30, [sp, #0x20]
    1b94: a9036ffc     	stp	x28, x27, [sp, #0x30]
    1b98: a90467fa     	stp	x26, x25, [sp, #0x40]
    1b9c: a9055ff8     	stp	x24, x23, [sp, #0x50]
    1ba0: a90657f6     	stp	x22, x21, [sp, #0x60]
    1ba4: a9074ff4     	stp	x20, x19, [sp, #0x70]
    1ba8: d10d43ff     	sub	sp, sp, #0x350
    1bac: 52973c88     	mov	w8, #0xb9e4             // =47588
    1bb0: aa0003f3     	mov	x19, x0
    1bb4: 78686800     	ldrh	w0, [x0, x8]
    1bb8: 94031917     	bl	0xc8014 <f_841688+0xc3d74>
    1bbc: b4007b60     	cbz	x0, 0x2b28 <f_796df4+0x3c>
    1bc0: 5296f388     	mov	w8, #0xb79c             // =47004
    1bc4: 8b08027c     	add	x28, x19, x8
    1bc8: 79449395     	ldrh	w21, [x28, #0x248]
    1bcc: aa0003f4     	mov	x20, x0
    1bd0: 94031941     	bl	0xc80d4 <f_841688+0xc3e34>
    1bd4: 6b2022bf     	cmp	w21, w0, uxth
    1bd8: 54007a80     	b.eq	0x2b28 <f_796df4+0x3c>
    1bdc: b9424399     	ldr	w25, [x28, #0x240]
    1be0: 52974708     	mov	w8, #0xba38             // =47672
    1be4: 8b08027d     	add	x29, x19, x8
    1be8: b9423f80     	ldr	w0, [x28, #0x23c]
    1bec: 2a1903e1     	mov	w1, w25
    1bf0: 52808b15     	mov	w21, #0x458             // =1112
    1bf4: 72a00035     	movk	w21, #0x1, lsl #16
    1bf8: 9415469b     	bl	0x553664 <f_841688+0x54f3c4>
    1bfc: 79449397     	ldrh	w23, [x28, #0x248]
    1c00: aa0003f6     	mov	x22, x0
    1c04: 5280b998     	mov	w24, #0x5cc             // =1484
    1c08: 72a00038     	movk	w24, #0x1, lsl #16
    1c0c: 94031ad2     	bl	0xc8754 <f_841688+0xc44b4>
    1c10: 6b2022ff     	cmp	w23, w0, uxth
    1c14: 54000061     	b.ne	0x1c20 <f_32e698+0x94>
    1c18: 52800028     	mov	w8, #0x1                // =1
    1c1c: b9000388     	str	w8, [x28]
    1c20: f94003a8     	ldr	x8, [x29]
    1c24: aa1303e0     	mov	x0, x19
    1c28: 52973a1a     	mov	w26, #0xb9d0            // =47568
    1c2c: d65f03c0     	ret

0000000000001c30 <f_34401c>:
    1c30: a9464ff4     	ldp	x20, x19, [sp, #0x60]
    1c34: a94557f6     	ldp	x22, x21, [sp, #0x50]
    1c38: a9445ff8     	ldp	x24, x23, [sp, #0x40]
    1c3c: a94367fa     	ldp	x26, x25, [sp, #0x30]
    1c40: a9426ffc     	ldp	x28, x27, [sp, #0x20]
    1c44: a9417bfd     	ldp	x29, x30, [sp, #0x10]
    1c48: 9101c3ff     	add	sp, sp, #0x70
    1c4c: d65f03c0     	ret
    1c50: 52973c88     	mov	w8, #0xb9e4             // =47588
    1c54: 8b080268     	add	x8, x19, x8
    1c58: 79400100     	ldrh	w0, [x8]
    1c5c: 9402c2b6     	bl	0xb2734 <f_841688+0xae494>
    1c60: b9403c08     	ldr	w8, [x0, #0x3c]
    1c64: 7100091f     	cmp	w8, #0x2
    1c68: 54000062     	b.hs	0x1c74 <f_34401c+0x44>
    1c6c: 528074c1     	mov	w1, #0x3a6              // =934
    1c70: 14000003     	b	0x1c7c <f_34401c+0x4c>
    1c74: 54fffde1     	b.ne	0x1c30 <f_34401c>
    1c78: 528074e1     	mov	w1, #0x3a7              // =935
    1c7c: aa1303e0     	mov	x0, x19
    1c80: a9464ff4     	ldp	x20, x19, [sp, #0x60]
    1c84: a94557f6     	ldp	x22, x21, [sp, #0x50]
    1c88: 12800002     	mov	w2, #-0x1               // =-1
    1c8c: a9445ff8     	ldp	x24, x23, [sp, #0x40]
    1c90: 1e2e1000     	fmov	s0, #1.00000000
    1c94: a94367fa     	ldp	x26, x25, [sp, #0x30]
    1c98: 2a1f03e3     	mov	w3, wzr
    1c9c: a9426ffc     	ldp	x28, x27, [sp, #0x20]
    1ca0: a9417bfd     	ldp	x29, x30, [sp, #0x10]
    1ca4: 9101c3ff     	add	sp, sp, #0x70
    1ca8: 141088ab     	b	0x423f54 <f_841688+0x41fcb4>
    1cac: aa1403e0     	mov	x0, x20
    1cb0: 943ebd8d     	bl	0xfb12e4 <f_841688+0xfad044>
    1cb4: a9bf4ffe     	stp	x30, x19, [sp, #-0x10]!
    1cb8: aa0003f3     	mov	x19, x0
    1cbc: 7100043f     	cmp	w1, #0x1
    1cc0: 54000140     	b.eq	0x1ce8 <f_344600+0x14>
    1cc4: 350001e1     	cbnz	w1, 0x1d00 <f_344600+0x2c>
    1cc8: 52807501     	mov	w1, #0x3a8              // =936
    1ccc: 12800002     	mov	w2, #-0x1               // =-1
    1cd0: d65f03c0     	ret

0000000000001cd4 <f_344600>:
    1cd4: 97fffd52     	bl	0x121c <f_204c08+0x2c>
    1cd8: f9400280     	ldr	x0, [x20]
    1cdc: f9400008     	ldr	x8, [x0]
    1ce0: bd412288     	ldr	s8, [x20, #0x120]
    1ce4: f9400d08     	ldr	x8, [x8, #0x18]
    1ce8: d63f0100     	blr	x8
    1cec: 1e202100     	fcmp	s8, s0
    1cf0: 5400048c     	b.gt	0x1d80 <f_344960+0x8>
    1cf4: 52973c88     	mov	w8, #0xb9e4             // =47588
    1cf8: 8b080268     	add	x8, x19, x8
    1cfc: 79400100     	ldrh	w0, [x8]
    1d00: 9402c13d     	bl	0xb21f4 <f_841688+0xadf54>
    1d04: aa0003f4     	mov	x20, x0
    1d08: aa1303e0     	mov	x0, x19
    1d0c: 94006845     	bl	0x1be20 <f_841688+0x17b80>
    1d10: 710ebc1f     	cmp	w0, #0x3af
    1d14: 54000061     	b.ne	0x1d20 <f_344600+0x4c>
    1d18: 52800029     	mov	w9, #0x1                // =1
    1d1c: 14000005     	b	0x1d30 <f_344600+0x5c>
    1d20: aa1303e0     	mov	x0, x19
    1d24: 9400683f     	bl	0x1be20 <f_841688+0x17b80>
    1d28: 710ec41f     	cmp	w0, #0x3b1
    1d2c: 1a9f17e9     	cset	w9, eq
    1d30: f000efe8     	adrp	x8, 0x1e00000 <f_841688+0x1dfbd60>
    1d34: f9424d08     	ldr	x8, [x8, #0x498]
    1d38: f9400100     	ldr	x0, [x8]
    1d3c: b9405808     	ldr	w8, [x0, #0x58]
    1d40: 340000c9     	cbz	w9, 0x1d58 <f_344600+0x84>
    1d44: 71003d1f     	cmp	w8, #0xf
    1d48: 54000081     	b.ne	0x1d58 <f_344600+0x84>
    1d4c: b9403e89     	ldr	w9, [x20, #0x3c]
    1d50: 7100093f     	cmp	w9, #0x2
    1d54: 540001e1     	b.ne	0x1d90 <f_344960+0x18>
    1d58: 71003d1f     	cmp	w8, #0xf
    1d5c: 54000081     	b.ne	0x1d6c <f_344600+0x98>
    1d60: b9403e88     	ldr	w8, [x20, #0x3c]
    1d64: 7100091f     	cmp	w8, #0x2
    1d68: 540000c1     	b.ne	0x1d80 <f_344960+0x8>
    1d6c: a9414ff4     	ldp	x20, x19, [sp, #0x10]
    1d70: 528001a1     	mov	w1, #0xd                // =13
    1d74: d65f03c0     	ret

0000000000001d78 <f_344960>:
    1d78: f84207fe     	ldr	x30, [sp], #0x20
    1d7c: d65f03c0     	ret
    1d80: fc1e0fe8     	str	d8, [sp, #-0x20]!
    1d84: f90007fe     	str	x30, [sp, #0x8]
    1d88: a9014ff4     	stp	x20, x19, [sp, #0x10]
    1d8c: 4ea01c08     	mov	v8.16b, v0.16b
    1d90: aa0003f3     	mov	x19, x0
    1d94: 97f6523d     	bl	0xffffffffffd96688 <f_841688+0xffffffffffd923e8>
    1d98: 52973c88     	mov	w8, #0xb9e4             // =47588
    1d9c: 78686a60     	ldrh	w0, [x19, x8]
    1da0: 9402c066     	bl	0xb1f38 <f_841688+0xadc98>
    1da4: aa0003f4     	mov	x20, x0
    1da8: aa1303e0     	mov	x0, x19
    1dac: 97f64de3     	bl	0xffffffffffd95538 <f_841688+0xffffffffffd91298>
    1db0: 340000a0     	cbz	w0, 0x1dc4 <f_344960+0x4c>
    1db4: a9414ff4     	ldp	x20, x19, [sp, #0x10]
    1db8: f94007fe     	ldr	x30, [sp, #0x8]
    1dbc: fc4207e8     	ldr	d8, [sp], #0x20
    1dc0: d65f03c0     	ret
    1dc4: b9403e88     	ldr	w8, [x20, #0x3c]
    1dc8: 7100091f     	cmp	w8, #0x2
    1dcc: 54ffff40     	b.eq	0x1db4 <f_344960+0x3c>
    1dd0: 52851a08     	mov	w8, #0x28d0             // =10448
    1dd4: 72a00028     	movk	w8, #0x1, lsl #16
    1dd8: 8b080268     	add	x8, x19, x8
    1ddc: bd400100     	ldr	s0, [x8]
    1de0: 1e282800     	fadd	s0, s0, s8
    1de4: bd000100     	str	s0, [x8]
    1de8: a9414ff4     	ldp	x20, x19, [sp, #0x10]
    1dec: f94007fe     	ldr	x30, [sp, #0x8]
    1df0: fc4207e8     	ldr	d8, [sp], #0x20
    1df4: d65f03c0     	ret
    1df8: f000efe8     	adrp	x8, 0x1e00000 <f_841688+0x1dfbd60>
    1dfc: f9424d08     	ldr	x8, [x8, #0x498]
    1e00: f9400108     	ldr	x8, [x8]
    1e04: b9406500     	ldr	w0, [x8, #0x64]
    1e08: d65f03c0     	ret
    1e0c: f81f0ffe     	str	x30, [sp, #-0x10]!
    1e10: 94006755     	bl	0x1bb64 <f_841688+0x178c4>
    1e14: 710eb01f     	cmp	w0, #0x3ac
    1e18: d65f03c0     	ret

0000000000001e1c <f_478254>:
    1e1c: a9096ffc     	stp	x28, x27, [sp, #0x90]
    1e20: a90a67fa     	stp	x26, x25, [sp, #0xa0]
    1e24: a90b5ff8     	stp	x24, x23, [sp, #0xb0]
    1e28: a90c57f6     	stp	x22, x21, [sp, #0xc0]
    1e2c: a90d4ff4     	stp	x20, x19, [sp, #0xd0]
    1e30: 5281e388     	mov	w8, #0xf1c              // =3868
    1e34: 72a00028     	movk	w8, #0x1, lsl #16
    1e38: 8b080017     	add	x23, x0, x8
    1e3c: 52973c88     	mov	w8, #0xb9e4             // =47588
    1e40: aa0003f3     	mov	x19, x0
    1e44: 2a0203f5     	mov	w21, w2
    1e48: 78686800     	ldrh	w0, [x0, x8]
    1e4c: 2a0103f4     	mov	w20, w1
    1e50: 97fdf226     	bl	0xfffffffffff7e6e8 <f_841688+0xfffffffffff7a448>
    1e54: b40000a0     	cbz	x0, 0x1e68 <f_478254+0x4c>
    1e58: b9405008     	ldr	w8, [x0, #0x50]
    1e5c: 7100011f     	cmp	w8, #0x0
    1e60: 1a9f17e8     	cset	w8, eq
    1e64: 14000002     	b	0x1e6c <f_478254+0x50>
    1e68: 2a1f03e8     	mov	w8, wzr
    1e6c: 7103ee9f     	cmp	w20, #0xfb
    1e70: 1a9f1516     	csinc	w22, w8, wzr, ne
    1e74: f9400268     	ldr	x8, [x19]
    1e78: f946e908     	ldr	x8, [x8, #0xdd0]
    1e7c: aa1303e0     	mov	x0, x19
    1e80: d63f0100     	blr	x8
    1e84: b4000080     	cbz	x0, 0x1e94 <f_478254+0x78>
    1e88: 940bcb28     	bl	0x2f4b28 <f_841688+0x2f0888>
    1e8c: 7100001f     	cmp	w0, #0x0
    1e90: 1a9f06d6     	csinc	w22, w22, wzr, eq
    1e94: b94002e8     	ldr	w8, [x23]
    1e98: 34000a88     	cbz	w8, 0x1fe8 <f_480114+0x84>
    1e9c: b90002ff     	str	wzr, [x23]
    1ea0: aa1303e0     	mov	x0, x19
    1ea4: 2a1403e1     	mov	w1, w20
    1ea8: 940cce33     	bl	0x335774 <f_841688+0x3314d4>
    1eac: 34000240     	cbz	w0, 0x1ef4 <f_47fe80+0x34>
    1eb0: f84042e8     	ldur	x8, [x23, #0x4]
    1eb4: b4000208     	cbz	x8, 0x1ef4 <f_47fe80+0x34>
    1eb8: aa1303e0     	mov	x0, x19
    1ebc: d65f03c0     	ret

0000000000001ec0 <f_47fe80>:
    1ec0: d63f0100     	blr	x8
    1ec4: 9410009b     	bl	0x402130 <f_841688+0x3fde90>
    1ec8: b4000540     	cbz	x0, 0x1f70 <f_480114+0xc>
    1ecc: b94e5408     	ldr	w8, [x0, #0xe54]
    1ed0: aa0003f4     	mov	x20, x0
    1ed4: b94e5669     	ldr	w9, [x19, #0xe54]
    1ed8: 6b09011f     	cmp	w8, w9
    1edc: 540004a0     	b.eq	0x1f70 <f_480114+0xc>
    1ee0: 52973c88     	mov	w8, #0xb9e4             // =47588
    1ee4: 78686a80     	ldrh	w0, [x20, x8]
    1ee8: 97fdd31e     	bl	0xfffffffffff76b60 <f_841688+0xfffffffffff728c0>
    1eec: 2a1f03e8     	mov	w8, wzr
    1ef0: b4000160     	cbz	x0, 0x1f1c <f_47fe80+0x5c>
    1ef4: b9405009     	ldr	w9, [x0, #0x50]
    1ef8: 7100793f     	cmp	w9, #0x1e
    1efc: 54000108     	b.hi	0x1f1c <f_47fe80+0x5c>
    1f00: 5280002a     	mov	w10, #0x1               // =1
    1f04: 1ac92149     	lsl	w9, w10, w9
    1f08: 5283800a     	mov	w10, #0x1c00            // =7168
    1f0c: 72a8008a     	movk	w10, #0x4004, lsl #16
    1f10: 6a0a013f     	tst	w9, w10
    1f14: 54000040     	b.eq	0x1f1c <f_47fe80+0x5c>
    1f18: 52800028     	mov	w8, #0x1                // =1
    1f1c: b94e9689     	ldr	w9, [x20, #0xe94]
    1f20: 5101a529     	sub	w9, w9, #0x69
    1f24: 7100b13f     	cmp	w9, #0x2c
    1f28: 54000108     	b.hi	0x1f48 <f_47fe80+0x88>
    1f2c: 5280002a     	mov	w10, #0x1               // =1
    1f30: 9ac92149     	lsl	x9, x10, x9
    1f34: d28001ea     	mov	x10, #0xf               // =15
    1f38: f2c2810a     	movk	x10, #0x1408, lsl #32
    1f3c: ea0a013f     	tst	x9, x10
    1f40: 54000040     	b.eq	0x1f48 <f_47fe80+0x88>
    1f44: 52800028     	mov	w8, #0x1                // =1
    1f48: b94e9e89     	ldr	w9, [x20, #0xe9c]
    1f4c: 5101a529     	sub	w9, w9, #0x69
    1f50: 7100b13f     	cmp	w9, #0x2c
    1f54: 54000668     	b.hi	0x2020 <f_480f18+0x18>
    1f58: 5280002a     	mov	w10, #0x1               // =1
    1f5c: 9ac92149     	lsl	x9, x10, x9
    1f60: d65f03c0     	ret

0000000000001f64 <f_480114>:
    1f64: aa1303e0     	mov	x0, x19
    1f68: a9414ff4     	ldp	x20, x19, [sp, #0x10]
    1f6c: a8c257fe     	ldp	x30, x21, [sp], #0x20
    1f70: 140dbae6     	b	0x370b08 <f_841688+0x36c868>
    1f74: a9414ff4     	ldp	x20, x19, [sp, #0x10]
    1f78: a8c257fe     	ldp	x30, x21, [sp], #0x20
    1f7c: d65f03c0     	ret
    1f80: a9bf4ffe     	stp	x30, x19, [sp, #-0x10]!
    1f84: 52973c88     	mov	w8, #0xb9e4             // =47588
    1f88: aa0003f3     	mov	x19, x0
    1f8c: 78686800     	ldrh	w0, [x0, x8]
    1f90: 97fdd278     	bl	0xfffffffffff76970 <f_841688+0xfffffffffff726d0>
    1f94: b4000180     	cbz	x0, 0x1fc4 <f_480114+0x60>
    1f98: b9405008     	ldr	w8, [x0, #0x50]
    1f9c: 52800029     	mov	w9, #0x1                // =1
    1fa0: 7100791f     	cmp	w8, #0x1e
    1fa4: 1ac82128     	lsl	w8, w9, w8
    1fa8: 52838009     	mov	w9, #0x1c00             // =7168
    1fac: 72a80089     	movk	w9, #0x4004, lsl #16
    1fb0: 0a090108     	and	w8, w8, w9
    1fb4: 7a409904     	ccmp	w8, #0x0, #0x4, ls
    1fb8: 52800028     	mov	w8, #0x1                // =1
    1fbc: 1a9f1108     	csel	w8, w8, wzr, ne
    1fc0: 14000002     	b	0x1fc8 <f_480114+0x64>
    1fc4: 2a1f03e8     	mov	w8, wzr
    1fc8: b94e9669     	ldr	w9, [x19, #0xe94]
    1fcc: 5101a529     	sub	w9, w9, #0x69
    1fd0: 5280002a     	mov	w10, #0x1               // =1
    1fd4: 7100b13f     	cmp	w9, #0x2c
    1fd8: 9ac9214a     	lsl	x10, x10, x9
    1fdc: d28001e9     	mov	x9, #0xf                // =15
    1fe0: f2c28109     	movk	x9, #0x1408, lsl #32
    1fe4: 8a09014a     	and	x10, x10, x9
    1fe8: fa409944     	ccmp	x10, #0x0, #0x4, ls
    1fec: 5280002a     	mov	w10, #0x1               // =1
    1ff0: 1a881140     	csel	w0, w10, w8, ne
    1ff4: b94e9e68     	ldr	w8, [x19, #0xe9c]
    1ff8: 5101a508     	sub	w8, w8, #0x69
    1ffc: 7100b11f     	cmp	w8, #0x2c
    2000: 540000c8     	b.hi	0x2018 <f_480f18+0x10>
    2004: d65f03c0     	ret

0000000000002008 <f_480f18>:
    2008: 54003c40     	b.eq	0x2790 <f_76fd6c+0x7c>
    200c: b9408a89     	ldr	w9, [x20, #0x88]
    2010: aa0003f5     	mov	x21, x0
    2014: fd40400a     	ldr	d10, [x0, #0x80]
    2018: bd40880e     	ldr	s14, [x0, #0x88]
    201c: aa1403e0     	mov	x0, x20
    2020: f9404288     	ldr	x8, [x20, #0x80]
    2024: b9016be9     	str	w9, [sp, #0x168]
    2028: 52973c89     	mov	w9, #0xb9e4             // =47588
    202c: 8b09029a     	add	x26, x20, x9
    2030: f900b3e8     	str	x8, [sp, #0x160]
    2034: 940c4fe9     	bl	0x315fd8 <f_841688+0x311d38>
    2038: 340001e0     	cbz	w0, 0x2074 <f_480f18+0x6c>
    203c: b94e5688     	ldr	w8, [x20, #0xe54]
    2040: 7100791f     	cmp	w8, #0x1e
    2044: 540000c1     	b.ne	0x205c <f_480f18+0x54>
    2048: f9400288     	ldr	x8, [x20]
    204c: aa1403e0     	mov	x0, x20
    2050: f9494508     	ldr	x8, [x8, #0x1288]
    2054: d63f0100     	blr	x8
    2058: 350000e0     	cbnz	w0, 0x2074 <f_480f18+0x6c>
    205c: f9491e88     	ldr	x8, [x20, #0x1238]
    2060: b40000a8     	cbz	x8, 0x2074 <f_480f18+0x6c>
    2064: f9404109     	ldr	x9, [x8, #0x80]
    2068: f900b3e9     	str	x9, [sp, #0x160]
    206c: b940a908     	ldr	w8, [x8, #0xa8]
    2070: b9016be8     	str	w8, [sp, #0x168]
    2074: f9404268     	ldr	x8, [x19, #0x80]
    2078: aa1303e0     	mov	x0, x19
    207c: b9408a69     	ldr	w9, [x19, #0x88]
    2080: b9015be9     	str	w9, [sp, #0x158]
    2084: f900abe8     	str	x8, [sp, #0x150]
    2088: f9400268     	ldr	x8, [x19]
    208c: f94ab108     	ldr	x8, [x8, #0x1560]
    2090: d63f0100     	blr	x8
    2094: 7100201f     	cmp	w0, #0x8
    2098: f000a8f9     	adrp	x25, 0x1521000 <f_841688+0x151cd60>
    209c: 54000061     	b.ne	0x20a8 <f_480f18+0xa0>
    20a0: 52800c21     	mov	w1, #0x61               // =97
    20a4: 14000177     	b	0x2680 <f_76ef68+0x10>
    20a8: d65f03c0     	ret

00000000000020ac <f_481aa8>:
    20ac: aa1f03e6     	mov	x6, xzr
    20b0: d63f0100     	blr	x8
    20b4: aa1303e0     	mov	x0, x19
    20b8: 940c510f     	bl	0x3164f4 <f_841688+0x312254>
    20bc: b4000b40     	cbz	x0, 0x2224 <f_484470+0x30>
    20c0: 5280de88     	mov	w8, #0x6f4              // =1780
    20c4: 72a00028     	movk	w8, #0x1, lsl #16
    20c8: 8b080276     	add	x22, x19, x8
    20cc: 52973c88     	mov	w8, #0xb9e4             // =47588
    20d0: 8b080017     	add	x23, x0, x8
    20d4: f9404268     	ldr	x8, [x19, #0x80]
    20d8: f90007e8     	str	x8, [sp, #0x8]
    20dc: b9408808     	ldr	w8, [x0, #0x88]
    20e0: aa0003f4     	mov	x20, x0
    20e4: 910023e1     	add	x1, sp, #0x8
    20e8: aa1303e0     	mov	x0, x19
    20ec: 52809b15     	mov	w21, #0x4d8             // =1240
    20f0: 72a00035     	movk	w21, #0x1, lsl #16
    20f4: b90013e8     	str	w8, [sp, #0x10]
    20f8: 9426c9cb     	bl	0x9b4824 <f_841688+0x9b0584>
    20fc: aa1303e0     	mov	x0, x19
    2100: b90002df     	str	wzr, [x22]
    2104: 940bf865     	bl	0x300298 <f_841688+0x2fbff8>
    2108: 794002e0     	ldrh	w0, [x23]
    210c: 97fdcc06     	bl	0xfffffffffff75124 <f_841688+0xfffffffffff70e84>
    2110: 2a1f03e8     	mov	w8, wzr
    2114: b4000160     	cbz	x0, 0x2140 <f_481aa8+0x94>
    2118: b9405009     	ldr	w9, [x0, #0x50]
    211c: 7100793f     	cmp	w9, #0x1e
    2120: 54000108     	b.hi	0x2140 <f_481aa8+0x94>
    2124: 5280002a     	mov	w10, #0x1               // =1
    2128: 1ac92149     	lsl	w9, w10, w9
    212c: 5283800a     	mov	w10, #0x1c00            // =7168
    2130: 72a8008a     	movk	w10, #0x4004, lsl #16
    2134: 6a0a013f     	tst	w9, w10
    2138: 54000040     	b.eq	0x2140 <f_481aa8+0x94>
    213c: 52800028     	mov	w8, #0x1                // =1
    2140: b94e9689     	ldr	w9, [x20, #0xe94]
    2144: 5101a529     	sub	w9, w9, #0x69
    2148: 8b150296     	add	x22, x20, x21
    214c: d65f03c0     	ret

0000000000002150 <f_483fa4>:
    2150: 7101281f     	cmp	w0, #0x4a
    2154: b90056c0     	str	w0, [x22, #0x54]
    2158: 54001780     	b.eq	0x2448 <f_64908c+0x68>
    215c: f9400268     	ldr	x8, [x19]
    2160: aa1303e0     	mov	x0, x19
    2164: f946e908     	ldr	x8, [x8, #0xdd0]
    2168: d63f0100     	blr	x8
    216c: b40016e0     	cbz	x0, 0x2448 <f_64908c+0x68>
    2170: 52973c88     	mov	w8, #0xb9e4             // =47588
    2174: 78686814     	ldrh	w20, [x0, x8]
    2178: 97fdc445     	bl	0xfffffffffff7328c <f_841688+0xfffffffffff6efec>
    217c: 6b20229f     	cmp	w20, w0, uxth
    2180: 54001601     	b.ne	0x2440 <f_64908c+0x60>
    2184: 52800028     	mov	w8, #0x1                // =1
    2188: b90ea268     	str	w8, [x19, #0xea0]
    218c: 9000e608     	adrp	x8, 0x1cc2000 <f_841688+0x1cbdd60>
    2190: 9000e609     	adrp	x9, 0x1cc2000 <f_841688+0x1cbdd60>
    2194: f9438d08     	ldr	x8, [x8, #0x718]
    2198: f9432d29     	ldr	x9, [x9, #0x658]
    219c: f9400129     	ldr	x9, [x9]
    21a0: b9400108     	ldr	w8, [x8]
    21a4: 39680929     	ldrb	w9, [x9, #0xa02]
    21a8: 1ac90908     	udiv	w8, w8, w9
    21ac: 14000053     	b	0x22f8 <f_48e110+0x60>
    21b0: 1e2703e8     	fmov	s8, wzr
    21b4: 4ea81d00     	mov	v0.16b, v8.16b
    21b8: aa1303e0     	mov	x0, x19
    21bc: 2a1f03e1     	mov	w1, wzr
    21c0: 940cd9a6     	bl	0x338858 <f_841688+0x3345b8>
    21c4: aa1303e0     	mov	x0, x19
    21c8: 940bef1e     	bl	0x2fde40 <f_841688+0x2f9ba0>
    21cc: 9000a8e8     	adrp	x8, 0x151e000 <f_841688+0x1519d60>
    21d0: fd419100     	ldr	d0, [x8, #0x320]
    21d4: f9400268     	ldr	x8, [x19]
    21d8: fd075260     	str	d0, [x19, #0xea0]
    21dc: b90eaa7f     	str	wzr, [x19, #0xea8]
    21e0: f945e108     	ldr	x8, [x8, #0xbc0]
    21e4: aa1303e0     	mov	x0, x19
    21e8: d63f0100     	blr	x8
    21ec: f9400268     	ldr	x8, [x19]
    21f0: d65f03c0     	ret

00000000000021f4 <f_484470>:
    21f4: f84307fe     	ldr	x30, [sp], #0x30
    21f8: d65f03c0     	ret
    21fc: b90006df     	str	wzr, [x22, #0x4]
    2200: aa1403e0     	mov	x0, x20
    2204: a9424ff4     	ldp	x20, x19, [sp, #0x20]
    2208: a94157f6     	ldp	x22, x21, [sp, #0x10]
    220c: f84307fe     	ldr	x30, [sp], #0x30
    2210: 140c43bb     	b	0x3130fc <f_841688+0x30ee5c>
    2214: 52973c88     	mov	w8, #0xb9e4             // =47588
    2218: 78686aa1     	ldrh	w1, [x21, x8]
    221c: f000acc2     	adrp	x2, 0x159d000 <f_841688+0x1598d60>
    2220: 911e1c42     	add	x2, x2, #0x787
    2224: aa1503e0     	mov	x0, x21
    2228: 940c448f     	bl	0x313464 <f_841688+0x30f1c4>
    222c: 34fffe00     	cbz	w0, 0x21ec <f_483fa4+0x9c>
    2230: 52800028     	mov	w8, #0x1                // =1
    2234: b90006c8     	str	w8, [x22, #0x4]
    2238: b94002c8     	ldr	w8, [x22]
    223c: 71000509     	subs	w9, w8, #0x1
    2240: f000b594     	adrp	x20, 0x16b5000 <f_841688+0x16b0d60>
    2244: 91318294     	add	x20, x20, #0xc60
    2248: 540000ab     	b.lt	0x225c <f_484470+0x68>
    224c: b8695a81     	ldr	w1, [x20, w9, uxtw #2]
    2250: aa1303e0     	mov	x0, x19
    2254: 940bcbd7     	bl	0x2f51b0 <f_841688+0x2f0f10>
    2258: b94002c8     	ldr	w8, [x22]
    225c: b868da81     	ldr	w1, [x20, w8, sxtw #2]
    2260: 9000e608     	adrp	x8, 0x1cc2000 <f_841688+0x1cbdd60>
    2264: f944cd08     	ldr	x8, [x8, #0x998]
    2268: aa1303e0     	mov	x0, x19
    226c: b9400102     	ldr	w2, [x8]
    2270: 9000e608     	adrp	x8, 0x1cc2000 <f_841688+0x1cbdd60>
    2274: f9458508     	ldr	x8, [x8, #0xb08]
    2278: bd400100     	ldr	s0, [x8]
    227c: 940bc6cf     	bl	0x2f3db8 <f_841688+0x2efb18>
    2280: b94002c8     	ldr	w8, [x22]
    2284: 7100051f     	cmp	w8, #0x1
    2288: 54fffb2c     	b.gt	0x21ec <f_483fa4+0x9c>
    228c: 11000508     	add	w8, w8, #0x1
    2290: b90002c8     	str	w8, [x22]
    2294: d65f03c0     	ret

0000000000002298 <f_48e110>:
    2298: d63f0100     	blr	x8
    229c: b4000260     	cbz	x0, 0x22e8 <f_48e110+0x50>
    22a0: f9400268     	ldr	x8, [x19]
    22a4: aa0003f4     	mov	x20, x0
    22a8: b94e9401     	ldr	w1, [x0, #0xe94]
    22ac: aa1303e0     	mov	x0, x19
    22b0: f9470108     	ldr	x8, [x8, #0xe00]
    22b4: d63f0100     	blr	x8
    22b8: 52973c88     	mov	w8, #0xb9e4             // =47588
    22bc: 2a0003f5     	mov	w21, w0
    22c0: 78686a80     	ldrh	w0, [x20, x8]
    22c4: 97fd9a79     	bl	0xfffffffffff68ca8 <f_841688+0xfffffffffff64a08>
    22c8: 710002bf     	cmp	w21, #0x0
    22cc: fa400804     	ccmp	x0, #0x0, #0x4, eq
    22d0: 54000121     	b.ne	0x22f4 <f_48e110+0x5c>
    22d4: aa1303e0     	mov	x0, x19
    22d8: 34000175     	cbz	w21, 0x2304 <f_48e110+0x6c>
    22dc: a9414ff4     	ldp	x20, x19, [sp, #0x10]
    22e0: a8c257fe     	ldp	x30, x21, [sp], #0x20
    22e4: 140c22f2     	b	0x30aeac <f_841688+0x306c0c>
    22e8: a9414ff4     	ldp	x20, x19, [sp, #0x10]
    22ec: a8c257fe     	ldp	x30, x21, [sp], #0x20
    22f0: d65f03c0     	ret
    22f4: aa1303e0     	mov	x0, x19
    22f8: a9414ff4     	ldp	x20, x19, [sp, #0x10]
    22fc: a8c257fe     	ldp	x30, x21, [sp], #0x20
    2300: 140c235b     	b	0x30b06c <f_841688+0x306dcc>
    2304: a9414ff4     	ldp	x20, x19, [sp, #0x10]
    2308: a8c257fe     	ldp	x30, x21, [sp], #0x20
    230c: 140b84ca     	b	0x2e3634 <f_841688+0x2df394>
    2310: fc1c0fe8     	str	d8, [sp, #-0x40]!
    2314: a9015ffe     	stp	x30, x23, [sp, #0x10]
    2318: a90257f6     	stp	x22, x21, [sp, #0x20]
    231c: a9034ff4     	stp	x20, x19, [sp, #0x30]
    2320: 52848e08     	mov	w8, #0x2470             // =9328
    2324: 72a00028     	movk	w8, #0x1, lsl #16
    2328: 8b080015     	add	x21, x0, x8
    232c: 5280de88     	mov	w8, #0x6f4              // =1780
    2330: 72a00028     	movk	w8, #0x1, lsl #16
    2334: 8b080016     	add	x22, x0, x8
    2338: d65f03c0     	ret

000000000000233c <f_648d9c>:
    233c: 1a94c3f4     	csel	w20, wzr, w20, gt
    2340: f9410e68     	ldr	x8, [x19, #0x218]
    2344: bd71b900     	ldr	s0, [x8, #0x31b8]
    2348: 1e202008     	fcmp	s0, #0.0
    234c: 5400026d     	b.le	0x2398 <f_648d9c+0x5c>
    2350: b94e9668     	ldr	w8, [x19, #0xe94]
    2354: 7100c91f     	cmp	w8, #0x32
    2358: 54000200     	b.eq	0x2398 <f_648d9c+0x5c>
    235c: 52973c88     	mov	w8, #0xb9e4             // =47588
    2360: 8b080268     	add	x8, x19, x8
    2364: 79400115     	ldrh	w21, [x8]
    2368: 97f69a2e     	bl	0xffffffffffda8c20 <f_841688+0xffffffffffda4980>
    236c: 34000140     	cbz	w0, 0x2394 <f_648d9c+0x58>
    2370: 97f6b04c     	bl	0xffffffffffdae4a0 <f_841688+0xffffffffffdaa200>
    2374: 6b2022bf     	cmp	w21, w0, uxth
    2378: 54000100     	b.eq	0x2398 <f_648d9c+0x5c>
    237c: 97f6b059     	bl	0xffffffffffdae4e0 <f_841688+0xffffffffffdaa240>
    2380: 6b2022bf     	cmp	w21, w0, uxth
    2384: 540000a0     	b.eq	0x2398 <f_648d9c+0x5c>
    2388: 97f6b04e     	bl	0xffffffffffdae4c0 <f_841688+0xffffffffffdaa220>
    238c: 6b2022bf     	cmp	w21, w0, uxth
    2390: 54000040     	b.eq	0x2398 <f_648d9c+0x5c>
    2394: 2a1f03f4     	mov	w20, wzr
    2398: f9400268     	ldr	x8, [x19]
    239c: aa1303e0     	mov	x0, x19
    23a0: f9494508     	ldr	x8, [x8, #0x1288]
    23a4: d63f0100     	blr	x8
    23a8: 34000394     	cbz	w20, 0x2418 <f_64908c+0x38>
    23ac: 35000360     	cbnz	w0, 0x2418 <f_64908c+0x38>
    23b0: d2a00000     	movz	x0, #0x0, lsl #16
    23b4: f2800400     	movk	x0, #0x20
    23b8: d503201f     	nop
    23bc: d503201f     	nop
    23c0: d53bd056     	mrs	x22, TPIDR_EL0
    23c4: f000d7ca     	adrp	x10, 0x1afd000 <f_841688+0x1af8d60>
    23c8: b9599e69     	ldr	w9, [x19, #0x199c]
    23cc: b8a06ac8     	ldrsw	x8, [x22, x0]
    23d0: 52848017     	mov	w23, #0x2400            // =9216
    23d4: f942454a     	ldr	x10, [x10, #0x488]
    23d8: 91004158     	add	x24, x10, #0x10
    23dc: d65f03c0     	ret

00000000000023e0 <f_64908c>:
    23e0: f9410e68     	ldr	x8, [x19, #0x218]
    23e4: 1a9503f4     	csel	w20, wzr, w21, eq
    23e8: bd71b900     	ldr	s0, [x8, #0x31b8]
    23ec: 1e202008     	fcmp	s0, #0.0
    23f0: 5400026d     	b.le	0x243c <f_64908c+0x5c>
    23f4: b94e9668     	ldr	w8, [x19, #0xe94]
    23f8: 7100c91f     	cmp	w8, #0x32
    23fc: 540002e0     	b.eq	0x2458 <f_64908c+0x78>
    2400: 52973c88     	mov	w8, #0xb9e4             // =47588
    2404: 8b080268     	add	x8, x19, x8
    2408: 79400115     	ldrh	w21, [x8]
    240c: 97f69972     	bl	0xffffffffffda89d4 <f_841688+0xffffffffffda4734>
    2410: 34000140     	cbz	w0, 0x2438 <f_64908c+0x58>
    2414: 97f6af90     	bl	0xffffffffffdae254 <f_841688+0xffffffffffda9fb4>
    2418: 6b2022bf     	cmp	w21, w0, uxth
    241c: 54000100     	b.eq	0x243c <f_64908c+0x5c>
    2420: 97f6af9d     	bl	0xffffffffffdae294 <f_841688+0xffffffffffda9ff4>
    2424: 6b2022bf     	cmp	w21, w0, uxth
    2428: 540000a0     	b.eq	0x243c <f_64908c+0x5c>
    242c: 97f6af92     	bl	0xffffffffffdae274 <f_841688+0xffffffffffda9fd4>
    2430: 6b2022bf     	cmp	w21, w0, uxth
    2434: 54000040     	b.eq	0x243c <f_64908c+0x5c>
    2438: 2a1f03f4     	mov	w20, wzr
    243c: b94e9668     	ldr	w8, [x19, #0xe94]
    2440: 7101411f     	cmp	w8, #0x50
    2444: 540000a1     	b.ne	0x2458 <f_64908c+0x78>
    2448: aa1303e0     	mov	x0, x19
    244c: 940536c5     	bl	0x14ff60 <f_841688+0x14bcc0>
    2450: 7100001f     	cmp	w0, #0x0
    2454: 5400038c     	b.gt	0x24c4 <f_75f00c+0x40>
    2458: 34000374     	cbz	w20, 0x24c4 <f_75f00c+0x40>
    245c: d2a00000     	movz	x0, #0x0, lsl #16
    2460: f2800400     	movk	x0, #0x20
    2464: d503201f     	nop
    2468: d503201f     	nop
    246c: d53bd056     	mrs	x22, TPIDR_EL0
    2470: d000d7ca     	adrp	x10, 0x1afc000 <f_841688+0x1af7d60>
    2474: b9599e69     	ldr	w9, [x19, #0x199c]
    2478: b8a06ac8     	ldrsw	x8, [x22, x0]
    247c: 52848017     	mov	w23, #0x2400            // =9216
    2480: d65f03c0     	ret

0000000000002484 <f_75f00c>:
    2484: aa0003f5     	mov	x21, x0
    2488: aa1403e0     	mov	x0, x20
    248c: 94007b48     	bl	0x211ac <f_841688+0x1cf0c>
    2490: b000d239     	adrp	x25, 0x1a47000 <f_841688+0x1a42d60>
    2494: 34000200     	cbz	w0, 0x24d4 <f_75f00c+0x50>
    2498: 52973a08     	mov	w8, #0xb9d0             // =47568
    249c: 8b080280     	add	x0, x20, x8
    24a0: 9402bfb8     	bl	0xb2380 <f_841688+0xae0e0>
    24a4: 52973c88     	mov	w8, #0xb9e4             // =47588
    24a8: 8b080298     	add	x24, x20, x8
    24ac: aa0003f6     	mov	x22, x0
    24b0: 79400300     	ldrh	w0, [x24]
    24b4: 97f256b9     	bl	0xffffffffffc97f98 <f_841688+0xffffffffffc93cf8>
    24b8: b40001c0     	cbz	x0, 0x24f0 <f_75f00c+0x6c>
    24bc: b9405008     	ldr	w8, [x0, #0x50]
    24c0: 51002917     	sub	w23, w8, #0xa
    24c4: 79400300     	ldrh	w0, [x24]
    24c8: 97f256b4     	bl	0xffffffffffc97f98 <f_841688+0xffffffffffc93cf8>
    24cc: b50001a0     	cbnz	x0, 0x2500 <f_75f00c+0x7c>
    24d0: 14000018     	b	0x2530 <f_75f0e8+0x8>
    24d4: aa1503e0     	mov	x0, x21
    24d8: 94007b35     	bl	0x211ac <f_841688+0x1cf0c>
    24dc: 340017a0     	cbz	w0, 0x27d0 <f_770bfc+0x18>
    24e0: 2a1f03f7     	mov	w23, wzr
    24e4: 2a1f03fa     	mov	w26, wzr
    24e8: 2a1f03f8     	mov	w24, wzr
    24ec: 14000022     	b	0x2574 <f_75f0e8+0x4c>
    24f0: 12800137     	mov	w23, #-0xa              // =-10
    24f4: 79400300     	ldrh	w0, [x24]
    24f8: 97f256a8     	bl	0xffffffffffc97f98 <f_841688+0xffffffffffc93cf8>
    24fc: b40001a0     	cbz	x0, 0x2530 <f_75f0e8+0x8>
    2500: b9405008     	ldr	w8, [x0, #0x50]
    2504: 7100811f     	cmp	w8, #0x20
    2508: 54000148     	b.hi	0x2530 <f_75f0e8+0x8>
    250c: 52800029     	mov	w9, #0x1                // =1
    2510: 9ac82128     	lsl	x8, x9, x8
    2514: d2838009     	mov	x9, #0x1c00             // =7168
    2518: f2a83089     	movk	x9, #0x4184, lsl #16
    251c: f2c00029     	movk	x9, #0x1, lsl #32
    2520: ea09011f     	tst	x8, x9
    2524: d65f03c0     	ret

0000000000002528 <f_75f0e8>:
    2528: 1400009c     	b	0x2798 <f_76fd6c+0x84>
    252c: 52800057     	mov	w23, #0x2               // =2
    2530: aa1503e0     	mov	x0, x21
    2534: 94007b10     	bl	0x21174 <f_841688+0x1ced4>
    2538: 34001300     	cbz	w0, 0x2798 <f_76fd6c+0x84>
    253c: 52973a08     	mov	w8, #0xb9d0             // =47568
    2540: 8b080260     	add	x0, x19, x8
    2544: 9402bf81     	bl	0xb2348 <f_841688+0xae0a8>
    2548: 52973c88     	mov	w8, #0xb9e4             // =47588
    254c: 8b08027b     	add	x27, x19, x8
    2550: aa0003f6     	mov	x22, x0
    2554: 79400360     	ldrh	w0, [x27]
    2558: 97f25682     	bl	0xffffffffffc97f60 <f_841688+0xffffffffffc93cc0>
    255c: b40000e0     	cbz	x0, 0x2578 <f_75f0e8+0x50>
    2560: b9405008     	ldr	w8, [x0, #0x50]
    2564: 5100291c     	sub	w28, w8, #0xa
    2568: 79400360     	ldrh	w0, [x27]
    256c: 97f2567d     	bl	0xffffffffffc97f60 <f_841688+0xffffffffffc93cc0>
    2570: b50000c0     	cbnz	x0, 0x2588 <f_75f0e8+0x60>
    2574: 14000013     	b	0x25c0 <f_75f0e8+0x98>
    2578: 1280013c     	mov	w28, #-0xa              // =-10
    257c: 79400360     	ldrh	w0, [x27]
    2580: 97f25678     	bl	0xffffffffffc97f60 <f_841688+0xffffffffffc93cc0>
    2584: b40001e0     	cbz	x0, 0x25c0 <f_75f0e8+0x98>
    2588: b9405008     	ldr	w8, [x0, #0x50]
    258c: 51002908     	sub	w8, w8, #0xa
    2590: 7100591f     	cmp	w8, #0x16
    2594: 54000168     	b.hi	0x25c0 <f_75f0e8+0x98>
    2598: 5293df09     	mov	w9, #0x9ef8             // =40696
    259c: 72a005e9     	movk	w9, #0x2f, lsl #16
    25a0: 1ac82528     	lsr	w8, w9, w8
    25a4: 12000108     	and	w8, w8, #0x1
    25a8: f940273b     	ldr	x27, [x25, #0x48]
    25ac: 7100239f     	cmp	w28, #0x8
    25b0: 54000109     	b.ls	0x25d0 <f_766cfc+0x4>
    25b4: 52800059     	mov	w25, #0x2               // =2
    25b8: 35000157     	cbnz	w23, 0x25e0 <f_766cfc+0x14>
    25bc: 14000077     	b	0x2798 <f_76fd6c+0x84>
    25c0: 52800028     	mov	w8, #0x1                // =1
    25c4: f940273b     	ldr	x27, [x25, #0x48]
    25c8: d65f03c0     	ret

00000000000025cc <f_766cfc>:
    25cc: f9400908     	ldr	x8, [x8, #0x10]
    25d0: d63f0100     	blr	x8
    25d4: b9526668     	ldr	w8, [x19, #0x1264]
    25d8: 34000508     	cbz	w8, 0x2678 <f_76ef68+0x8>
    25dc: b9526a74     	ldr	w20, [x19, #0x1268]
    25e0: 5281f008     	mov	w8, #0xf80              // =3968
    25e4: 72a00028     	movk	w8, #0x1, lsl #16
    25e8: 8b08027d     	add	x29, x19, x8
    25ec: 52973c88     	mov	w8, #0xb9e4             // =47588
    25f0: 8b080276     	add	x22, x19, x8
    25f4: 2a1403e1     	mov	w1, w20
    25f8: 94000849     	bl	0x471c <f_841688+0x47c>
    25fc: 34000420     	cbz	w0, 0x2680 <f_76ef68+0x10>
    2600: f9400268     	ldr	x8, [x19]
    2604: aa1303e0     	mov	x0, x19
    2608: f946e908     	ldr	x8, [x8, #0xdd0]
    260c: d63f0100     	blr	x8
    2610: b4000440     	cbz	x0, 0x2698 <f_76ef68+0x28>
    2614: b9526a61     	ldr	w1, [x19, #0x1268]
    2618: 52800022     	mov	w2, #0x1                // =1
    261c: 94000856     	bl	0x4774 <f_841688+0x4d4>
    2620: aa0003f9     	mov	x25, x0
    2624: b40003a0     	cbz	x0, 0x2698 <f_76ef68+0x28>
    2628: b9526a61     	ldr	w1, [x19, #0x1268]
    262c: aa1303e0     	mov	x0, x19
    2630: 52800022     	mov	w2, #0x1                // =1
    2634: 94006fb1     	bl	0x1e4f8 <f_841688+0x1a258>
    2638: f9400008     	ldr	x8, [x0]
    263c: b90043f5     	str	w21, [sp, #0x40]
    2640: 79c0b117     	ldrsh	w23, [x8, #0x58]
    2644: 79c0b508     	ldrsh	w8, [x8, #0x5a]
    2648: 7100011f     	cmp	w8, #0x0
    264c: b94e5668     	ldr	w8, [x19, #0xe54]
    2650: 1a9fd7f8     	cset	w24, gt
    2654: 7102f11f     	cmp	w8, #0xbc
    2658: 54000240     	b.eq	0x26a0 <f_76ef68+0x30>
    265c: 7101191f     	cmp	w8, #0x46
    2660: 54000261     	b.ne	0x26ac <f_76ef68+0x3c>
    2664: b94e6268     	ldr	w8, [x19, #0xe60]
    2668: 51000508     	sub	w8, w8, #0x1
    266c: d65f03c0     	ret

0000000000002670 <f_76ef68>:
    2670: 1e380076     	fcvtzs	w22, s3
    2674: 310006df     	cmn	w22, #0x1
    2678: 54000600     	b.eq	0x2738 <f_76fd6c+0x24>
    267c: f9400268     	ldr	x8, [x19]
    2680: aa1303e0     	mov	x0, x19
    2684: f946e908     	ldr	x8, [x8, #0xdd0]
    2688: d63f0100     	blr	x8
    268c: b40009c0     	cbz	x0, 0x27c4 <f_770bfc+0xc>
    2690: 52973c88     	mov	w8, #0xb9e4             // =47588
    2694: 8b080017     	add	x23, x0, x8
    2698: 794002f8     	ldrh	w24, [x23]
    269c: aa0003f4     	mov	x20, x0
    26a0: 97f21892     	bl	0xffffffffffc888e8 <f_841688+0xffffffffffc84648>
    26a4: 6b20231f     	cmp	w24, w0, uxth
    26a8: 54000220     	b.eq	0x26ec <f_76ef68+0x7c>
    26ac: 794002f8     	ldrh	w24, [x23]
    26b0: 97f21886     	bl	0xffffffffffc888c8 <f_841688+0xffffffffffc84628>
    26b4: 6b20231f     	cmp	w24, w0, uxth
    26b8: 540001a0     	b.eq	0x26ec <f_76ef68+0x7c>
    26bc: 794002f8     	ldrh	w24, [x23]
    26c0: 97f2186a     	bl	0xffffffffffc88868 <f_841688+0xffffffffffc845c8>
    26c4: 6b20231f     	cmp	w24, w0, uxth
    26c8: 54000120     	b.eq	0x26ec <f_76ef68+0x7c>
    26cc: 794002f8     	ldrh	w24, [x23]
    26d0: 97f2186e     	bl	0xffffffffffc88888 <f_841688+0xffffffffffc845e8>
    26d4: 6b20231f     	cmp	w24, w0, uxth
    26d8: 540000a0     	b.eq	0x26ec <f_76ef68+0x7c>
    26dc: 794002f7     	ldrh	w23, [x23]
    26e0: 97f21872     	bl	0xffffffffffc888a8 <f_841688+0xffffffffffc84608>
    26e4: 6b2022ff     	cmp	w23, w0, uxth
    26e8: 54000141     	b.ne	0x2710 <f_76ef68+0xa0>
    26ec: f94002a8     	ldr	x8, [x21]
    26f0: 3d680900     	ldr	b0, [x8, #0xa02]
    26f4: 52955568     	mov	w8, #0xaaab             // =43691
    26f8: 72a7e548     	movk	w8, #0x3f2a, lsl #16
    26fc: 1e270101     	fmov	s1, w8
    2700: 7e21d800     	ucvtf	s0, s0
    2704: 1e210800     	fmul	s0, s0, s1
    2708: 1e380008     	fcvtzs	w8, s0
    270c: 0b0802d6     	add	w22, w22, w8
    2710: d65f03c0     	ret

0000000000002714 <f_76fd6c>:
    2714: 9400998e     	bl	0x28d4c <f_841688+0x24aac>
    2718: 6b1a037f     	cmp	w27, w26
    271c: 52800028     	mov	w8, #0x1                // =1
    2720: 5a880508     	cneg	w8, w8, ne
    2724: 6b1a02bf     	cmp	w21, w26
    2728: 528000a9     	mov	w9, #0x5                // =5
    272c: 1a88013b     	csel	w27, w9, w8, eq
    2730: 37fff45b     	tbnz	w27, #0x1f, 0x25b8 <f_75f0e8+0x90>
    2734: 52973c88     	mov	w8, #0xb9e4             // =47588
    2738: 8b080008     	add	x8, x0, x8
    273c: f90023e8     	str	x8, [sp, #0x40]
    2740: f9402fe8     	ldr	x8, [sp, #0x58]
    2744: 7940e508     	ldrh	w8, [x8, #0x72]
    2748: aa0003f9     	mov	x25, x0
    274c: 7100111f     	cmp	w8, #0x4
    2750: 54000181     	b.ne	0x2780 <f_76fd6c+0x6c>
    2754: f9406fe8     	ldr	x8, [sp, #0xd8]
    2758: b9407108     	ldr	w8, [x8, #0x70]
    275c: 7100111f     	cmp	w8, #0x4
    2760: 54000100     	b.eq	0x2780 <f_76fd6c+0x6c>
    2764: f9491e88     	ldr	x8, [x20, #0x1238]
    2768: b4000408     	cbz	x8, 0x27e8 <f_770bfc+0x30>
    276c: 52809b09     	mov	w9, #0x4d8              // =1240
    2770: 72a00029     	movk	w9, #0x1, lsl #16
    2774: b8696908     	ldr	w8, [x8, x9]
    2778: 7100111f     	cmp	w8, #0x4
    277c: 54000361     	b.ne	0x27e8 <f_770bfc+0x30>
    2780: 52800028     	mov	w8, #0x1                // =1
    2784: b90073e8     	str	w8, [sp, #0x70]
    2788: 2a1f03ef     	mov	w15, wzr
    278c: 52800030     	mov	w16, #0x1               // =1
    2790: 71005f9f     	cmp	w28, #0x17
    2794: 54000348     	b.hi	0x27fc <f_770bfc+0x44>
    2798: f0009eea     	adrp	x10, 0x13e1000 <f_841688+0x13dcd60>
    279c: 9116194a     	add	x10, x10, #0x586
    27a0: 100000e8     	adr	x8, 0x27bc <f_770bfc+0x4>
    27a4: 387c6949     	ldrb	w9, [x10, x28]
    27a8: 8b090908     	add	x8, x8, x9, lsl #2
    27ac: f94027f5     	ldr	x21, [sp, #0x48]
    27b0: 4ea91d2c     	mov	v12.16b, v9.16b
    27b4: d65f03c0     	ret

00000000000027b8 <f_770bfc>:
    27b8: 52973f8a     	mov	w10, #0xb9fc            // =47612
    27bc: aa1303e0     	mov	x0, x19
    27c0: f9400288     	ldr	x8, [x20]
    27c4: b82a6a69     	str	w9, [x19, x10]
    27c8: 52973e89     	mov	w9, #0xb9f4             // =47604
    27cc: 2a1503e1     	mov	w1, w21
    27d0: f8296a68     	str	x8, [x19, x9]
    27d4: 94008d3c     	bl	0x25cc4 <f_841688+0x21a24>
    27d8: 52973c88     	mov	w8, #0xb9e4             // =47588
    27dc: 78686a60     	ldrh	w0, [x19, x8]
    27e0: 97f20fbf     	bl	0xffffffffffc866dc <f_841688+0xffffffffffc8243c>
    27e4: b40001e0     	cbz	x0, 0x2820 <f_770bfc+0x68>
    27e8: f9400268     	ldr	x8, [x19]
    27ec: b9405001     	ldr	w1, [x0, #0x50]
    27f0: f9402402     	ldr	x2, [x0, #0x48]
    27f4: aa1303e0     	mov	x0, x19
    27f8: f948ad08     	ldr	x8, [x8, #0x1158]
    27fc: d63f0100     	blr	x8
    2800: f9400268     	ldr	x8, [x19]
    2804: 2a0003e1     	mov	w1, w0
    2808: aa1303e0     	mov	x0, x19
    280c: a9424ff4     	ldp	x20, x19, [sp, #0x20]
    2810: f946f902     	ldr	x2, [x8, #0xdf0]
    2814: a94157f6     	ldp	x22, x21, [sp, #0x10]
    2818: f84307fe     	ldr	x30, [sp], #0x30
    281c: d61f0040     	br	x2
    2820: a9424ff4     	ldp	x20, x19, [sp, #0x20]
    2824: a94157f6     	ldp	x22, x21, [sp, #0x10]
    2828: f84307fe     	ldr	x30, [sp], #0x30
    282c: d65f03c0     	ret
    2830: d10183ff     	sub	sp, sp, #0x60
    2834: fd000bea     	str	d10, [sp, #0x10]
    2838: f90017fe     	str	x30, [sp, #0x28]
    283c: 6d01a3e9     	stp	d9, d8, [sp, #0x18]
    2840: a9035ff8     	stp	x24, x23, [sp, #0x30]
    2844: a90457f6     	stp	x22, x21, [sp, #0x40]
    2848: a9054ff4     	stp	x20, x19, [sp, #0x50]
    284c: f9400008     	ldr	x8, [x0]
    2850: aa0103f3     	mov	x19, x1
    2854: aa0003f4     	mov	x20, x0
    2858: d65f03c0     	ret

000000000000285c <f_779550>:
    285c: d65f03c0     	ret
    2860: f81d0ffe     	str	x30, [sp, #-0x30]!
    2864: a90157f6     	stp	x22, x21, [sp, #0x10]
    2868: a9024ff4     	stp	x20, x19, [sp, #0x20]
    286c: aa0103f4     	mov	x20, x1
    2870: aa0003f3     	mov	x19, x0
    2874: 9400738f     	bl	0x1f6b0 <f_841688+0x1b410>
    2878: b4000860     	cbz	x0, 0x2984 <f_77b584+0x84>
    287c: 52973c88     	mov	w8, #0xb9e4             // =47588
    2880: 8b080276     	add	x22, x19, x8
    2884: f9491c08     	ldr	x8, [x0, #0x1238]
    2888: 794002c1     	ldrh	w1, [x22]
    288c: f100011f     	cmp	x8, #0x0
    2890: 9a880008     	csel	x8, x0, x8, eq
    2894: 5281d209     	mov	w9, #0xe90              // =3728
    2898: 72a00029     	movk	w9, #0x1, lsl #16
    289c: b0009c02     	adrp	x2, 0x1383000 <f_841688+0x137ed60>
    28a0: 913ef442     	add	x2, x2, #0xfbd
    28a4: aa1303e0     	mov	x0, x19
    28a8: 8b090115     	add	x21, x8, x9
    28ac: 94007050     	bl	0x1e9ec <f_841688+0x1a74c>
    28b0: 350000e0     	cbnz	w0, 0x28cc <f_779550+0x70>
    28b4: 79402a81     	ldrh	w1, [x20, #0x14]
    28b8: b0009c02     	adrp	x2, 0x1383000 <f_841688+0x137ed60>
    28bc: 913ef442     	add	x2, x2, #0xfbd
    28c0: aa1303e0     	mov	x0, x19
    28c4: 9400704a     	bl	0x1e9ec <f_841688+0x1a74c>
    28c8: 34000340     	cbz	w0, 0x2930 <f_77b584+0x30>
    28cc: b94062a8     	ldr	w8, [x21, #0x60]
    28d0: 7100051f     	cmp	w8, #0x1
    28d4: 540001a1     	b.ne	0x2908 <f_77b584+0x8>
    28d8: d000ce49     	adrp	x9, 0x19cc000 <f_841688+0x19c7d60>
    28dc: f9424529     	ldr	x9, [x9, #0x488]
    28e0: f9760929     	ldr	x9, [x9, #0x6c10]
    28e4: 5280de88     	mov	w8, #0x6f4              // =1780
    28e8: 72a00028     	movk	w8, #0x1, lsl #16
    28ec: 8b080268     	add	x8, x19, x8
    28f0: b9400108     	ldr	w8, [x8]
    28f4: f9400d20     	ldr	x0, [x9, #0x18]
    28f8: 34000168     	cbz	w8, 0x2924 <f_77b584+0x24>
    28fc: d65f03c0     	ret

0000000000002900 <f_77b584>:
    2900: 6d0123e9     	stp	d9, d8, [sp, #0x10]
    2904: a9027bfd     	stp	x29, x30, [sp, #0x20]
    2908: a9036ffc     	stp	x28, x27, [sp, #0x30]
    290c: a90467fa     	stp	x26, x25, [sp, #0x40]
    2910: a9055ff8     	stp	x24, x23, [sp, #0x50]
    2914: a90657f6     	stp	x22, x21, [sp, #0x60]
    2918: a9074ff4     	stp	x20, x19, [sp, #0x70]
    291c: d10d43ff     	sub	sp, sp, #0x350
    2920: 52973c88     	mov	w8, #0xb9e4             // =47588
    2924: aa0003f3     	mov	x19, x0
    2928: 78686800     	ldrh	w0, [x0, x8]
    292c: 97f1e55c     	bl	0xffffffffffc7be9c <f_841688+0xffffffffffc77bfc>
    2930: b4000100     	cbz	x0, 0x2950 <f_77b584+0x50>
    2934: 5296f388     	mov	w8, #0xb79c             // =47004
    2938: 8b08027b     	add	x27, x19, x8
    293c: 79449375     	ldrh	w21, [x27, #0x248]
    2940: aa0003f4     	mov	x20, x0
    2944: 97f1e586     	bl	0xffffffffffc7bf5c <f_841688+0xffffffffffc77cbc>
    2948: 6b2022bf     	cmp	w21, w0, uxth
    294c: 54000161     	b.ne	0x2978 <f_77b584+0x78>
    2950: 910d43ff     	add	sp, sp, #0x350
    2954: 6d4123e9     	ldp	d9, d8, [sp, #0x10]
    2958: a9474ff4     	ldp	x20, x19, [sp, #0x70]
    295c: a94657f6     	ldp	x22, x21, [sp, #0x60]
    2960: a9455ff8     	ldp	x24, x23, [sp, #0x50]
    2964: a94467fa     	ldp	x26, x25, [sp, #0x40]
    2968: a9436ffc     	ldp	x28, x27, [sp, #0x30]
    296c: a9427bfd     	ldp	x29, x30, [sp, #0x20]
    2970: fc4807ea     	ldr	d10, [sp], #0x80
    2974: d65f03c0     	ret
    2978: 9000ce48     	adrp	x8, 0x19ca000 <f_841688+0x19c5d60>
    297c: f9424508     	ldr	x8, [x8, #0x488]
    2980: f9760908     	ldr	x8, [x8, #0x6c10]
    2984: f940ed15     	ldr	x21, [x8, #0x1d8]
    2988: 9405a933     	bl	0x16ce54 <f_841688+0x168bb4>
    298c: aa0003f6     	mov	x22, x0
    2990: 94059502     	bl	0x167d98 <f_841688+0x163af8>
    2994: 340000a0     	cbz	w0, 0x29a8 <f_77d248+0x4>
    2998: aa1603e0     	mov	x0, x22
    299c: 9405a2a3     	bl	0x16b428 <f_841688+0x167188>
    29a0: d65f03c0     	ret

00000000000029a4 <f_77d248>:
    29a4: a8c14ffe     	ldp	x30, x19, [sp], #0x10
    29a8: d65f03c0     	ret
    29ac: d10483ff     	sub	sp, sp, #0x120
    29b0: 6d0d23e9     	stp	d9, d8, [sp, #0xd0]
    29b4: a90e7bfd     	stp	x29, x30, [sp, #0xe0]
    29b8: a90f5ff8     	stp	x24, x23, [sp, #0xf0]
    29bc: a91057f6     	stp	x22, x21, [sp, #0x100]
    29c0: a9114ff4     	stp	x20, x19, [sp, #0x110]
    29c4: 52973c88     	mov	w8, #0xb9e4             // =47588
    29c8: aa0003f3     	mov	x19, x0
    29cc: 78686800     	ldrh	w0, [x0, x8]
    29d0: 97f1de2b     	bl	0xffffffffffc7a27c <f_841688+0xffffffffffc75fdc>
    29d4: b4001fa0     	cbz	x0, 0x2dc8 <f_7a1e70+0x4c>
    29d8: 52973b08     	mov	w8, #0xb9d8             // =47576
    29dc: 8b080277     	add	x23, x19, x8
    29e0: aa0003f4     	mov	x20, x0
    29e4: 294006e0     	ldp	w0, w1, [x23]
    29e8: 94040bb9     	bl	0x1058cc <f_841688+0x10162c>
    29ec: b4000140     	cbz	x0, 0x2a14 <f_77d248+0x70>
    29f0: f9400268     	ldr	x8, [x19]
    29f4: aa0003f5     	mov	x21, x0
    29f8: aa1303e0     	mov	x0, x19
    29fc: f9462908     	ldr	x8, [x8, #0xc50]
    2a00: d63f0100     	blr	x8
    2a04: 34001440     	cbz	w0, 0x2c8c <f_7a1618+0x58>
    2a08: aa1503e0     	mov	x0, x21
    2a0c: 52800021     	mov	w1, #0x1                // =1
    2a10: 97ffd2d8     	bl	0xffffffffffff7570 <f_841688+0xffffffffffff32d0>
    2a14: 79401af5     	ldrh	w21, [x23, #0xc]
    2a18: 97f1de49     	bl	0xffffffffffc7a33c <f_841688+0xffffffffffc7609c>
    2a1c: 6b2022bf     	cmp	w21, w0, uxth
    2a20: 54001d40     	b.eq	0x2dc8 <f_7a1e70+0x4c>
    2a24: 5281f008     	mov	w8, #0xf80              // =3968
    2a28: 72a00028     	movk	w8, #0x1, lsl #16
    2a2c: bd402a80     	ldr	s0, [x20, #0x28]
    2a30: 8b080278     	add	x24, x19, x8
    2a34: f94032e8     	ldr	x8, [x23, #0x60]
    2a38: f9402689     	ldr	x9, [x20, #0x48]
    2a3c: aa080135     	orr	x21, x9, x8
    2a40: 7e21d808     	ucvtf	s8, s0
    2a44: d65f03c0     	ret

0000000000002a48 <f_791230>:
    2a48: 8b080008     	add	x8, x0, x8
    2a4c: b9400109     	ldr	w9, [x8]
    2a50: 340000c9     	cbz	w9, 0x2a68 <f_791230+0x20>
    2a54: b900011f     	str	wzr, [x8]
    2a58: a9424ff4     	ldp	x20, x19, [sp, #0x20]
    2a5c: a94157f6     	ldp	x22, x21, [sp, #0x10]
    2a60: f84307fe     	ldr	x30, [sp], #0x30
    2a64: d65f03c0     	ret
    2a68: 52973c88     	mov	w8, #0xb9e4             // =47588
    2a6c: 8b080015     	add	x21, x0, x8
    2a70: aa0003f3     	mov	x19, x0
    2a74: 794002a0     	ldrh	w0, [x21]
    2a78: 97f18e30     	bl	0xffffffffffc66338 <f_841688+0xffffffffffc62098>
    2a7c: b40002c0     	cbz	x0, 0x2ad4 <f_791230+0x8c>
    2a80: b94056a8     	ldr	w8, [x21, #0x54]
    2a84: aa0003f4     	mov	x20, x0
    2a88: b9404809     	ldr	w9, [x0, #0x48]
    2a8c: 2a080128     	orr	w8, w9, w8
    2a90: 37d7fe48     	tbnz	w8, #0x1a, 0x2a58 <f_791230+0x10>
    2a94: 794002b6     	ldrh	w22, [x21]
    2a98: 97f18f58     	bl	0xffffffffffc667f8 <f_841688+0xffffffffffc62558>
    2a9c: b9405288     	ldr	w8, [x20, #0x50]
    2aa0: 51000d08     	sub	w8, w8, #0x3
    2aa4: 7100251f     	cmp	w8, #0x9
    2aa8: 54000082     	b.hs	0x2ab8 <f_791230+0x70>
    2aac: 52803569     	mov	w9, #0x1ab              // =427
    2ab0: 1ac82528     	lsr	w8, w9, w8
    2ab4: 370001e8     	tbnz	w8, #0x0, 0x2af0 <f_796df4+0x4>
    2ab8: 6b2022df     	cmp	w22, w0, uxth
    2abc: 540000c1     	b.ne	0x2ad4 <f_791230+0x8c>
    2ac0: 52800028     	mov	w8, #0x1                // =1
    2ac4: b943b2a9     	ldr	w9, [x21, #0x3b0]
    2ac8: 2a080128     	orr	w8, w9, w8
    2acc: 350001a8     	cbnz	w8, 0x2b00 <f_796df4+0x14>
    2ad0: 17ffffe2     	b	0x2a58 <f_791230+0x10>
    2ad4: 942a10f5     	bl	0xa86ea8 <f_841688+0xa82c08>
    2ad8: 7200001f     	tst	w0, #0x1
    2adc: 528e1328     	mov	w8, #0x7099             // =28825
    2ae0: 1a881501     	cinc	w1, w8, eq
    2ae4: b943aea8     	ldr	w8, [x21, #0x3ac]
    2ae8: d65f03c0     	ret

0000000000002aec <f_796df4>:
    2aec: b4000060     	cbz	x0, 0x2af8 <f_796df4+0xc>
    2af0: 2a1f03e1     	mov	w1, wzr
    2af4: 17fee1ea     	b	0xfffffffffffbb29c <f_841688+0xfffffffffffb6ffc>
    2af8: d65f03c0     	ret
    2afc: d10103ff     	sub	sp, sp, #0x40
    2b00: fd0013e8     	str	d8, [sp, #0x20]
    2b04: f90017fe     	str	x30, [sp, #0x28]
    2b08: a9034ff4     	stp	x20, x19, [sp, #0x30]
    2b0c: 52973c88     	mov	w8, #0xb9e4             // =47588
    2b10: aa0003f3     	mov	x19, x0
    2b14: 78686800     	ldrh	w0, [x0, x8]
    2b18: 97f17740     	bl	0xffffffffffc60818 <f_841688+0xffffffffffc5c578>
    2b1c: b4000560     	cbz	x0, 0x2bc8 <f_7a0ca4+0x38>
    2b20: 52972e08     	mov	w8, #0xb970             // =47472
    2b24: 8b080274     	add	x20, x19, x8
    2b28: 52800948     	mov	w8, #0x4a               // =74
    2b2c: 290323e8     	stp	w8, w8, [sp, #0x18]
    2b30: b90017ff     	str	wzr, [sp, #0x14]
    2b34: f9400269     	ldr	x9, [x19]
    2b38: 52973e88     	mov	w8, #0xb9f4             // =47604
    2b3c: b9405004     	ldr	w4, [x0, #0x50]
    2b40: f9402405     	ldr	x5, [x0, #0x48]
    2b44: b940da86     	ldr	w6, [x20, #0xd8]
    2b48: 8b080267     	add	x7, x19, x8
    2b4c: 910073e1     	add	x1, sp, #0x1c
    2b50: b9403c08     	ldr	w8, [x0, #0x3c]
    2b54: 910063e2     	add	x2, sp, #0x18
    2b58: 910053e3     	add	x3, sp, #0x14
    2b5c: f948b129     	ldr	x9, [x9, #0x1160]
    2b60: aa1303e0     	mov	x0, x19
    2b64: b90003e8     	str	w8, [sp]
    2b68: d63f0120     	blr	x9
    2b6c: b9401fe1     	ldr	w1, [sp, #0x1c]
    2b70: aa1303e0     	mov	x0, x19
    2b74: 52800022     	mov	w2, #0x1                // =1
    2b78: 97ff4809     	bl	0xfffffffffffd4b9c <f_841688+0xfffffffffffd08fc>
    2b7c: b4000260     	cbz	x0, 0x2bc8 <f_7a0ca4+0x38>
    2b80: b000cd69     	adrp	x9, 0x19af000 <f_841688+0x19aad60>
    2b84: b000cd6a     	adrp	x10, 0x19af000 <f_841688+0x19aad60>
    2b88: b9408808     	ldr	w8, [x0, #0x88]
    2b8c: d65f03c0     	ret

0000000000002b90 <f_7a0ca4>:
    2b90: fd0023e8     	str	d8, [sp, #0x40]
    2b94: a9055ffe     	stp	x30, x23, [sp, #0x50]
    2b98: a90657f6     	stp	x22, x21, [sp, #0x60]
    2b9c: a9074ff4     	stp	x20, x19, [sp, #0x70]
    2ba0: aa0003f3     	mov	x19, x0
    2ba4: 7100043f     	cmp	w1, #0x1
    2ba8: 54000ee0     	b.eq	0x2d84 <f_7a1e70+0x8>
    2bac: 350030c1     	cbnz	w1, 0x31c4 <f_7a358c+0x70>
    2bb0: 52973c88     	mov	w8, #0xb9e4             // =47588
    2bb4: aa1303e0     	mov	x0, x19
    2bb8: 8b080277     	add	x23, x19, x8
    2bbc: 97ffc153     	bl	0xffffffffffff3108 <f_841688+0xfffffffffffeee68>
    2bc0: 794002e1     	ldrh	w1, [x23]
    2bc4: aa1303e0     	mov	x0, x19
    2bc8: 97ffcd0b     	bl	0xffffffffffff5ff4 <f_841688+0xffffffffffff1d54>
    2bcc: 794002e0     	ldrh	w0, [x23]
    2bd0: 97f14f8f     	bl	0xffffffffffc56a0c <f_841688+0xffffffffffc5276c>
    2bd4: b4002f80     	cbz	x0, 0x31c4 <f_7a358c+0x70>
    2bd8: aa0003f4     	mov	x20, x0
    2bdc: 97f13a64     	bl	0xffffffffffc5156c <f_841688+0xffffffffffc4d2cc>
    2be0: 1e201000     	fmov	s0, #2.00000000
    2be4: 1e2e1001     	fmov	s1, #1.00000000
    2be8: 7100001f     	cmp	w0, #0x0
    2bec: aa1303e0     	mov	x0, x19
    2bf0: 1e200c20     	fcsel	s0, s1, s0, eq
    2bf4: bd400281     	ldr	s1, [x20]
    2bf8: 1e210800     	fmul	s0, s0, s1
    2bfc: 97ff98a4     	bl	0xfffffffffffe8e8c <f_841688+0xfffffffffffe4bec>
    2c00: bd406ae0     	ldr	s0, [x23, #0x68]
    2c04: 52973e88     	mov	w8, #0xb9f4             // =47604
    2c08: 8b080275     	add	x21, x19, x8
    2c0c: bd416661     	ldr	s1, [x19, #0x164]
    2c10: 1e200823     	fmul	s3, s1, s0
    2c14: bd016663     	str	s3, [x19, #0x164]
    2c18: f90027ff     	str	xzr, [sp, #0x48]
    2c1c: b9003fff     	str	wzr, [sp, #0x3c]
    2c20: f9400269     	ldr	x9, [x19]
    2c24: b9405284     	ldr	w4, [x20, #0x50]
    2c28: f9402685     	ldr	x5, [x20, #0x48]
    2c2c: b94066e6     	ldr	w6, [x23, #0x64]
    2c30: d65f03c0     	ret

0000000000002c34 <f_7a1618>:
    2c34: 2a0103e8     	mov	w8, w1
    2c38: b0009d69     	adrp	x9, 0x13af000 <f_841688+0x13aad60>
    2c3c: 9132d529     	add	x9, x9, #0xcb5
    2c40: 100000aa     	adr	x10, 0x2c54 <f_7a1618+0x20>
    2c44: 3868692b     	ldrb	w11, [x9, x8]
    2c48: 8b0b094a     	add	x10, x10, x11, lsl #2
    2c4c: aa0003f3     	mov	x19, x0
    2c50: d61f0140     	br	x10
    2c54: 52973c88     	mov	w8, #0xb9e4             // =47588
    2c58: aa1303e0     	mov	x0, x19
    2c5c: 8b080275     	add	x21, x19, x8
    2c60: 97ffbef6     	bl	0xffffffffffff2838 <f_841688+0xfffffffffffee598>
    2c64: 794002a1     	ldrh	w1, [x21]
    2c68: aa1303e0     	mov	x0, x19
    2c6c: 97ffcaae     	bl	0xffffffffffff5724 <f_841688+0xffffffffffff1484>
    2c70: 794002a0     	ldrh	w0, [x21]
    2c74: 97f14d32     	bl	0xffffffffffc5613c <f_841688+0xffffffffffc51e9c>
    2c78: b4000900     	cbz	x0, 0x2d98 <f_7a1e70+0x1c>
    2c7c: bd400000     	ldr	s0, [x0]
    2c80: aa0003f4     	mov	x20, x0
    2c84: 5280de88     	mov	w8, #0x6f4              // =1780
    2c88: 72a00028     	movk	w8, #0x1, lsl #16
    2c8c: aa1303e0     	mov	x0, x19
    2c90: 8b080276     	add	x22, x19, x8
    2c94: 97ff964a     	bl	0xfffffffffffe85bc <f_841688+0xfffffffffffe431c>
    2c98: bd406aa0     	ldr	s0, [x21, #0x68]
    2c9c: bd416661     	ldr	s1, [x19, #0x164]
    2ca0: 1e200820     	fmul	s0, s1, s0
    2ca4: bd016660     	str	s0, [x19, #0x164]
    2ca8: b9405288     	ldr	w8, [x20, #0x50]
    2cac: 71001d1f     	cmp	w8, #0x7
    2cb0: 54000361     	b.ne	0x2d1c <f_7a1b94+0x44>
    2cb4: 52800261     	mov	w1, #0x13               // =19
    2cb8: 1400001d     	b	0x2d2c <f_7a1b94+0x54>
    2cbc: aa1303e0     	mov	x0, x19
    2cc0: 97ff20f2     	bl	0xfffffffffffcb088 <f_841688+0xfffffffffffc6de8>
    2cc4: 340008a0     	cbz	w0, 0x2dd8 <f_7a1e70+0x5c>
    2cc8: f9400268     	ldr	x8, [x19]
    2ccc: aa1303e0     	mov	x0, x19
    2cd0: 528000c1     	mov	w1, #0x6                // =6
    2cd4: d65f03c0     	ret

0000000000002cd8 <f_7a1b94>:
    2cd8: a8c14ffe     	ldp	x30, x19, [sp], #0x10
    2cdc: d65f03c0     	ret
    2ce0: d10103ff     	sub	sp, sp, #0x40
    2ce4: f9000bfe     	str	x30, [sp, #0x10]
    2ce8: a90257f6     	stp	x22, x21, [sp, #0x20]
    2cec: a9034ff4     	stp	x20, x19, [sp, #0x30]
    2cf0: 7100203f     	cmp	w1, #0x8
    2cf4: 54001388     	b.hi	0x2f64 <f_7a2370+0xa0>
    2cf8: 52973c88     	mov	w8, #0xb9e4             // =47588
    2cfc: 8b080015     	add	x21, x0, x8
    2d00: 2a0103e8     	mov	w8, w1
    2d04: b0009d69     	adrp	x9, 0x13af000 <f_841688+0x13aad60>
    2d08: 91331d29     	add	x9, x9, #0xcc7
    2d0c: 100000aa     	adr	x10, 0x2d20 <f_7a1b94+0x48>
    2d10: 3868692b     	ldrb	w11, [x9, x8]
    2d14: 8b0b094a     	add	x10, x10, x11, lsl #2
    2d18: aa0003f3     	mov	x19, x0
    2d1c: d61f0140     	br	x10
    2d20: aa1303e0     	mov	x0, x19
    2d24: 94006f48     	bl	0x1ea44 <f_841688+0x1a7a4>
    2d28: aa1303e0     	mov	x0, x19
    2d2c: 97ffbd8d     	bl	0xffffffffffff2360 <f_841688+0xfffffffffffee0c0>
    2d30: 794002a1     	ldrh	w1, [x21]
    2d34: aa1303e0     	mov	x0, x19
    2d38: 97ffc945     	bl	0xffffffffffff524c <f_841688+0xffffffffffff0fac>
    2d3c: 794002a0     	ldrh	w0, [x21]
    2d40: 97f14bc9     	bl	0xffffffffffc55c64 <f_841688+0xffffffffffc519c4>
    2d44: b4000360     	cbz	x0, 0x2db0 <f_7a1e70+0x34>
    2d48: 52933348     	mov	w8, #0x999a             // =39322
    2d4c: 72b7d328     	movk	w8, #0xbe99, lsl #16
    2d50: bd416660     	ldr	s0, [x19, #0x164]
    2d54: 1e270101     	fmov	s1, w8
    2d58: 1e210800     	fmul	s0, s0, s1
    2d5c: bd016660     	str	s0, [x19, #0x164]
    2d60: 1e2e1000     	fmov	s0, #1.00000000
    2d64: 52800281     	mov	w1, #0x14               // =20
    2d68: 12800002     	mov	w2, #-0x1               // =-1
    2d6c: aa1303e0     	mov	x0, x19
    2d70: 2a1f03e3     	mov	w3, wzr
    2d74: 2a1f03e4     	mov	w4, wzr
    2d78: d65f03c0     	ret

0000000000002d7c <f_7a1e70>:
    2d7c: 2a0103e8     	mov	w8, w1
    2d80: b0009d69     	adrp	x9, 0x13af000 <f_841688+0x13aad60>
    2d84: 91334129     	add	x9, x9, #0xcd0
    2d88: 100000aa     	adr	x10, 0x2d9c <f_7a1e70+0x20>
    2d8c: 3868692b     	ldrb	w11, [x9, x8]
    2d90: 8b0b094a     	add	x10, x10, x11, lsl #2
    2d94: aa0003f3     	mov	x19, x0
    2d98: d61f0140     	br	x10
    2d9c: 52973c88     	mov	w8, #0xb9e4             // =47588
    2da0: aa1303e0     	mov	x0, x19
    2da4: 8b080274     	add	x20, x19, x8
    2da8: 97ffbce0     	bl	0xffffffffffff2128 <f_841688+0xfffffffffffede88>
    2dac: 79400281     	ldrh	w1, [x20]
    2db0: aa1303e0     	mov	x0, x19
    2db4: 97ffc898     	bl	0xffffffffffff5014 <f_841688+0xffffffffffff0d74>
    2db8: 79400280     	ldrh	w0, [x20]
    2dbc: 97f14b1c     	bl	0xffffffffffc55a2c <f_841688+0xffffffffffc5178c>
    2dc0: b4000100     	cbz	x0, 0x2de0 <f_7a1e70+0x64>
    2dc4: bd400000     	ldr	s0, [x0]
    2dc8: aa1303e0     	mov	x0, x19
    2dcc: 97ff9438     	bl	0xfffffffffffe7eac <f_841688+0xfffffffffffe3c0c>
    2dd0: bd406a80     	ldr	s0, [x20, #0x68]
    2dd4: bd416661     	ldr	s1, [x19, #0x164]
    2dd8: 1e200820     	fmul	s0, s1, s0
    2ddc: bd016660     	str	s0, [x19, #0x164]
    2de0: 1e2e1000     	fmov	s0, #1.00000000
    2de4: 52800281     	mov	w1, #0x14               // =20
    2de8: 12800002     	mov	w2, #-0x1               // =-1
    2dec: aa1303e0     	mov	x0, x19
    2df0: 2a1f03e3     	mov	w3, wzr
    2df4: 2a1f03e4     	mov	w4, wzr
    2df8: 97ff1330     	bl	0xfffffffffffc7ab8 <f_841688+0xfffffffffffc3818>
    2dfc: d000cd08     	adrp	x8, 0x19a4000 <f_841688+0x199fd60>
    2e00: f9439108     	ldr	x8, [x8, #0x720]
    2e04: d000cd14     	adrp	x20, 0x19a4000 <f_841688+0x199fd60>
    2e08: 08dffd08     	ldarb	w8, [x8]
    2e0c: f9439694     	ldr	x20, [x20, #0x728]
    2e10: 36000828     	tbz	w8, #0x0, 0x2f14 <f_7a2370+0x50>
    2e14: f9400288     	ldr	x8, [x20]
    2e18: f90003e8     	str	x8, [sp]
    2e1c: d65f03c0     	ret

0000000000002e20 <f_7a2030>:
    2e20: d10143ff     	sub	sp, sp, #0x50
    2e24: fd000bea     	str	d10, [sp, #0x10]
    2e28: 6d0223e9     	stp	d9, d8, [sp, #0x20]
    2e2c: a90357fe     	stp	x30, x21, [sp, #0x30]
    2e30: a9044ff4     	stp	x20, x19, [sp, #0x40]
    2e34: aa0003f3     	mov	x19, x0
    2e38: 7100203f     	cmp	w1, #0x8
    2e3c: 54001308     	b.hi	0x309c <f_7a29a0+0x90>
    2e40: 52973c88     	mov	w8, #0xb9e4             // =47588
    2e44: 8b080275     	add	x21, x19, x8
    2e48: 2a0103e8     	mov	w8, w1
    2e4c: 90009d69     	adrp	x9, 0x13ae000 <f_841688+0x13a9d60>
    2e50: 91336529     	add	x9, x9, #0xcd9
    2e54: 1000008a     	adr	x10, 0x2e64 <f_7a2030+0x44>
    2e58: 3868692b     	ldrb	w11, [x9, x8]
    2e5c: 8b0b094a     	add	x10, x10, x11, lsl #2
    2e60: d61f0140     	br	x10
    2e64: aa1303e0     	mov	x0, x19
    2e68: 94006e22     	bl	0x1e6f0 <f_841688+0x1a450>
    2e6c: aa1303e0     	mov	x0, x19
    2e70: 97ffbc67     	bl	0xffffffffffff200c <f_841688+0xfffffffffffedd6c>
    2e74: 794002a1     	ldrh	w1, [x21]
    2e78: aa1303e0     	mov	x0, x19
    2e7c: 97ffc81f     	bl	0xffffffffffff4ef8 <f_841688+0xffffffffffff0c58>
    2e80: 1e2e1000     	fmov	s0, #1.00000000
    2e84: 528003a1     	mov	w1, #0x1d               // =29
    2e88: 12800002     	mov	w2, #-0x1               // =-1
    2e8c: aa1303e0     	mov	x0, x19
    2e90: 2a1f03e3     	mov	w3, wzr
    2e94: 2a1f03e4     	mov	w4, wzr
    2e98: 97ff12c1     	bl	0xfffffffffffc799c <f_841688+0xfffffffffffc36fc>
    2e9c: 52973e88     	mov	w8, #0xb9f4             // =47604
    2ea0: 8b080262     	add	x2, x19, x8
    2ea4: 910003e1     	mov	x1, sp
    2ea8: aa1303e0     	mov	x0, x19
    2eac: f90003ff     	str	xzr, [sp]
    2eb0: b9000bff     	str	wzr, [sp, #0x8]
    2eb4: 97ff6ef6     	bl	0xfffffffffffdea8c <f_841688+0xfffffffffffda7ec>
    2eb8: f9400268     	ldr	x8, [x19]
    2ebc: aa1303e0     	mov	x0, x19
    2ec0: d65f03c0     	ret

0000000000002ec4 <f_7a2370>:
    2ec4: 54000bc8     	b.hi	0x303c <f_7a29a0+0x30>
    2ec8: 2a0103e8     	mov	w8, w1
    2ecc: 90009d69     	adrp	x9, 0x13ae000 <f_841688+0x13a9d60>
    2ed0: 91338929     	add	x9, x9, #0xce2
    2ed4: 1000008a     	adr	x10, 0x2ee4 <f_7a2370+0x20>
    2ed8: 3868692b     	ldrb	w11, [x9, x8]
    2edc: 8b0b094a     	add	x10, x10, x11, lsl #2
    2ee0: d61f0140     	br	x10
    2ee4: 52973c88     	mov	w8, #0xb9e4             // =47588
    2ee8: aa1303e0     	mov	x0, x19
    2eec: 8b080274     	add	x20, x19, x8
    2ef0: 94006d59     	bl	0x1e454 <f_841688+0x1a1b4>
    2ef4: aa1303e0     	mov	x0, x19
    2ef8: 97ffbb9e     	bl	0xffffffffffff1d70 <f_841688+0xfffffffffffedad0>
    2efc: 79400281     	ldrh	w1, [x20]
    2f00: aa1303e0     	mov	x0, x19
    2f04: 97ffc756     	bl	0xffffffffffff4c5c <f_841688+0xffffffffffff09bc>
    2f08: 1e2e1000     	fmov	s0, #1.00000000
    2f0c: 528003a1     	mov	w1, #0x1d               // =29
    2f10: 12800002     	mov	w2, #-0x1               // =-1
    2f14: aa1303e0     	mov	x0, x19
    2f18: 2a1f03e3     	mov	w3, wzr
    2f1c: 2a1f03e4     	mov	w4, wzr
    2f20: 97ff11f8     	bl	0xfffffffffffc7700 <f_841688+0xfffffffffffc3460>
    2f24: 52973e88     	mov	w8, #0xb9f4             // =47604
    2f28: 8b080262     	add	x2, x19, x8
    2f2c: 910003e1     	mov	x1, sp
    2f30: aa1303e0     	mov	x0, x19
    2f34: f90003ff     	str	xzr, [sp]
    2f38: b9000bff     	str	wzr, [sp, #0x8]
    2f3c: 97ff6e2d     	bl	0xfffffffffffde7f0 <f_841688+0xfffffffffffda550>
    2f40: 910003e1     	mov	x1, sp
    2f44: aa1303e0     	mov	x0, x19
    2f48: 52800022     	mov	w2, #0x1                // =1
    2f4c: 97ffd13b     	bl	0xffffffffffff7438 <f_841688+0xffffffffffff3198>
    2f50: 52a84188     	mov	w8, #0x420c0000         // =1108082688
    2f54: bd406e80     	ldr	s0, [x20, #0x6c]
    2f58: 1e270101     	fmov	s1, w8
    2f5c: 1e210808     	fmul	s8, s0, s1
    2f60: 97f1348d     	bl	0xffffffffffc50194 <f_841688+0xffffffffffc4bef4>
    2f64: d65f03c0     	ret

0000000000002f68 <f_7a2560>:
    2f68: 72a00028     	movk	w8, #0x1, lsl #16
    2f6c: 90009d69     	adrp	x9, 0x13ae000 <f_841688+0x13a9d60>
    2f70: 9133b129     	add	x9, x9, #0xcec
    2f74: 2a0103ea     	mov	w10, w1
    2f78: 1000010b     	adr	x11, 0x2f98 <f_7a2560+0x30>
    2f7c: 786a792c     	ldrh	w12, [x9, x10, lsl #1]
    2f80: 8b0c096b     	add	x11, x11, x12, lsl #2
    2f84: 8b080016     	add	x22, x0, x8
    2f88: 52973c88     	mov	w8, #0xb9e4             // =47588
    2f8c: aa0003f3     	mov	x19, x0
    2f90: 8b080017     	add	x23, x0, x8
    2f94: d61f0160     	br	x11
    2f98: aa1303e0     	mov	x0, x19
    2f9c: 94006cdb     	bl	0x1e308 <f_841688+0x1a068>
    2fa0: 52973e88     	mov	w8, #0xb9f4             // =47604
    2fa4: 8b080274     	add	x20, x19, x8
    2fa8: 910043e1     	add	x1, sp, #0x10
    2fac: aa1303e0     	mov	x0, x19
    2fb0: f9000bff     	str	xzr, [sp, #0x10]
    2fb4: b9001bff     	str	wzr, [sp, #0x18]
    2fb8: aa1403e2     	mov	x2, x20
    2fbc: 97ff6dba     	bl	0xfffffffffffde6a4 <f_841688+0xfffffffffffda404>
    2fc0: f9400268     	ldr	x8, [x19]
    2fc4: aa1303e0     	mov	x0, x19
    2fc8: f948c908     	ldr	x8, [x8, #0x1190]
    2fcc: d63f0100     	blr	x8
    2fd0: 340000a0     	cbz	w0, 0x2fe4 <f_7a2560+0x7c>
    2fd4: 910043e1     	add	x1, sp, #0x10
    2fd8: aa1303e0     	mov	x0, x19
    2fdc: 52800022     	mov	w2, #0x1                // =1
    2fe0: 97ffd0c3     	bl	0xffffffffffff72ec <f_841688+0xffffffffffff304c>
    2fe4: 794002e0     	ldrh	w0, [x23]
    2fe8: 97f14950     	bl	0xffffffffffc55528 <f_841688+0xffffffffffc51288>
    2fec: b4000420     	cbz	x0, 0x3070 <f_7a29a0+0x64>
    2ff0: f9400269     	ldr	x9, [x19]
    2ff4: aa0003f5     	mov	x21, x0
    2ff8: 9100b3e1     	add	x1, sp, #0x2c
    2ffc: b9405004     	ldr	w4, [x0, #0x50]
    3000: 9100a3e2     	add	x2, sp, #0x28
    3004: 910033e3     	add	x3, sp, #0xc
    3008: d65f03c0     	ret

000000000000300c <f_7a29a0>:
    300c: a9454ff4     	ldp	x20, x19, [sp, #0x50]
    3010: f94013fe     	ldr	x30, [sp, #0x20]
    3014: a94457f6     	ldp	x22, x21, [sp, #0x40]
    3018: a9435ff8     	ldp	x24, x23, [sp, #0x30]
    301c: 910183ff     	add	sp, sp, #0x60
    3020: d65f03c0     	ret
    3024: f81e0ffe     	str	x30, [sp, #-0x20]!
    3028: a9014ff4     	stp	x20, x19, [sp, #0x10]
    302c: 52973c88     	mov	w8, #0xb9e4             // =47588
    3030: 8b080014     	add	x20, x0, x8
    3034: aa0003f3     	mov	x19, x0
    3038: 79400280     	ldrh	w0, [x20]
    303c: 97f14854     	bl	0xffffffffffc5518c <f_841688+0xffffffffffc50eec>
    3040: b40000a0     	cbz	x0, 0x3054 <f_7a29a0+0x48>
    3044: b9405688     	ldr	w8, [x20, #0x54]
    3048: b9404809     	ldr	w9, [x0, #0x48]
    304c: 2a080128     	orr	w8, w9, w8
    3050: 37500148     	tbnz	w8, #0xa, 0x3078 <f_7a29a0+0x6c>
    3054: b9400688     	ldr	w8, [x20, #0x4]
    3058: 7102451f     	cmp	w8, #0x91
    305c: 54000141     	b.ne	0x3084 <f_7a29a0+0x78>
    3060: 79400294     	ldrh	w20, [x20]
    3064: b00094a0     	adrp	x0, 0x1298000 <f_841688+0x1293d60>
    3068: 912f4400     	add	x0, x0, #0xbd1
    306c: 97f14858     	bl	0xffffffffffc551cc <f_841688+0xffffffffffc50f2c>
    3070: 6b20229f     	cmp	w20, w0, uxth
    3074: 54000081     	b.ne	0x3084 <f_7a29a0+0x78>
    3078: a9414ff4     	ldp	x20, x19, [sp, #0x10]
    307c: f84207fe     	ldr	x30, [sp], #0x20
    3080: d65f03c0     	ret
    3084: b94ea268     	ldr	w8, [x19, #0xea0]
    3088: 7100011f     	cmp	w8, #0x0
    308c: 5400018c     	b.gt	0x30bc <f_7a2b58+0xc>
    3090: b000cd09     	adrp	x9, 0x19a4000 <f_841688+0x199fd60>
    3094: b000cd0a     	adrp	x10, 0x19a4000 <f_841688+0x199fd60>
    3098: b94ea668     	ldr	w8, [x19, #0xea4]
    309c: f9438d29     	ldr	x9, [x9, #0x718]
    30a0: f9432d4a     	ldr	x10, [x10, #0x658]
    30a4: f940014a     	ldr	x10, [x10]
    30a8: b9400129     	ldr	w9, [x9]
    30ac: d65f03c0     	ret

00000000000030b0 <f_7a2b58>:
    30b0: 54fffbaa     	b.ge	0x3024 <f_7a29a0+0x18>
    30b4: b9400e88     	ldr	w8, [x20, #0xc]
    30b8: 529e1e09     	mov	w9, #0xf0f0             // =61680
    30bc: 72a01e09     	movk	w9, #0xf0, lsl #16
    30c0: 0a090108     	and	w8, w8, w9
    30c4: 320b8be9     	mov	w9, #0xe000e0           // =14680288
    30c8: 6b09011f     	cmp	w8, w9
    30cc: 540001c1     	b.ne	0x3104 <f_7a2b58+0x54>
    30d0: 52973c88     	mov	w8, #0xb9e4             // =47588
    30d4: 8b080275     	add	x21, x19, x8
    30d8: 794002a0     	ldrh	w0, [x21]
    30dc: 97f147e7     	bl	0xffffffffffc55078 <f_841688+0xffffffffffc50dd8>
    30e0: b40002a0     	cbz	x0, 0x3134 <f_7a2b58+0x84>
    30e4: b94056a8     	ldr	w8, [x21, #0x54]
    30e8: b9404809     	ldr	w9, [x0, #0x48]
    30ec: 2a080129     	orr	w9, w9, w8
    30f0: f9400268     	ldr	x8, [x19]
    30f4: f946f908     	ldr	x8, [x8, #0xdf0]
    30f8: 36500229     	tbz	w9, #0xa, 0x313c <f_7a2b58+0x8c>
    30fc: 52800501     	mov	w1, #0x28               // =40
    3100: 14000010     	b	0x3140 <f_7a2b58+0x90>
    3104: aa1303e0     	mov	x0, x19
    3108: 97ffd017     	bl	0xffffffffffff7164 <f_841688+0xffffffffffff2ec4>
    310c: 7100001f     	cmp	w0, #0x0
    3110: 540001cc     	b.gt	0x3148 <f_7a2b58+0x98>
    3114: f9400268     	ldr	x8, [x19]
    3118: 52800581     	mov	w1, #0x2c               // =44
    311c: aa1303e0     	mov	x0, x19
    3120: f946f908     	ldr	x8, [x8, #0xdf0]
    3124: d63f0100     	blr	x8
    3128: b9016a7f     	str	wzr, [x19, #0x168]
    312c: b901727f     	str	wzr, [x19, #0x170]
    3130: 14000006     	b	0x3148 <f_7a2b58+0x98>
    3134: f9400268     	ldr	x8, [x19]
    3138: f946f908     	ldr	x8, [x8, #0xdf0]
    313c: 52800521     	mov	w1, #0x29               // =41
    3140: aa1303e0     	mov	x0, x19
    3144: d63f0100     	blr	x8
    3148: 52800028     	mov	w8, #0x1                // =1
    314c: b9077a88     	str	w8, [x20, #0x778]
    3150: d65f03c0     	ret

0000000000003154 <f_7a358c>:
    3154: a9414ff4     	ldp	x20, x19, [sp, #0x10]
    3158: a8c257fe     	ldp	x30, x21, [sp], #0x20
    315c: d65f03c0     	ret
    3160: 9000cd08     	adrp	x8, 0x19a3000 <f_841688+0x199ed60>
    3164: f9438d08     	ldr	x8, [x8, #0x718]
    3168: b9400114     	ldr	w20, [x8]
    316c: 531e7695     	lsl	w21, w20, #2
    3170: 97ff7d9e     	bl	0xfffffffffffe27e8 <f_841688+0xfffffffffffde548>
    3174: 52973c89     	mov	w9, #0xb9e4             // =47588
    3178: 12001c08     	and	w8, w0, #0xff
    317c: 1ac80ab5     	udiv	w21, w21, w8
    3180: 78696a60     	ldrh	w0, [x19, x9]
    3184: 97f14559     	bl	0xffffffffffc546e8 <f_841688+0xffffffffffc50448>
    3188: b4000120     	cbz	x0, 0x31ac <f_7a358c+0x58>
    318c: b9405008     	ldr	w8, [x0, #0x50]
    3190: 7100951f     	cmp	w8, #0x25
    3194: 540000c1     	b.ne	0x31ac <f_7a358c+0x58>
    3198: 52800268     	mov	w8, #0x13               // =19
    319c: 1b087e94     	mul	w20, w20, w8
    31a0: 97ff7d92     	bl	0xfffffffffffe27e8 <f_841688+0xfffffffffffde548>
    31a4: 12001c08     	and	w8, w0, #0xff
    31a8: 1ac80a95     	udiv	w21, w20, w8
    31ac: f9410e60     	ldr	x0, [x19, #0x218]
    31b0: b900301f     	str	wzr, [x0, #0x30]
    31b4: f9400008     	ldr	x8, [x0]
    31b8: b9007415     	str	w21, [x0, #0x74]
    31bc: f9401108     	ldr	x8, [x8, #0x20]
    31c0: 52800021     	mov	w1, #0x1                // =1
    31c4: 2a1f03e2     	mov	w2, wzr
    31c8: d63f0100     	blr	x8
    31cc: aa1303e0     	mov	x0, x19
    31d0: a9414ff4     	ldp	x20, x19, [sp, #0x10]
    31d4: 52800021     	mov	w1, #0x1                // =1
    31d8: a8c257fe     	ldp	x30, x21, [sp], #0x20
    31dc: 140068c7     	b	0x1d4f8 <f_841688+0x19258>
    31e0: d10183ff     	sub	sp, sp, #0x60
    31e4: f9001bfe     	str	x30, [sp, #0x30]
    31e8: a90457f6     	stp	x22, x21, [sp, #0x40]
    31ec: a9054ff4     	stp	x20, x19, [sp, #0x50]
    31f0: 7100243f     	cmp	w1, #0x9
    31f4: d65f03c0     	ret

00000000000031f8 <f_7a3abc>:
    31f8: 72a00028     	movk	w8, #0x1, lsl #16
    31fc: f0009d49     	adrp	x9, 0x13ae000 <f_841688+0x13a9d60>
    3200: 91345d29     	add	x9, x9, #0xd17
    3204: 2a0103ea     	mov	w10, w1
    3208: 1000010b     	adr	x11, 0x3228 <f_7a3abc+0x30>
    320c: 386a692c     	ldrb	w12, [x9, x10]
    3210: 8b0c096b     	add	x11, x11, x12, lsl #2
    3214: 8b080017     	add	x23, x0, x8
    3218: 52973c88     	mov	w8, #0xb9e4             // =47588
    321c: aa0003f3     	mov	x19, x0
    3220: 8b080016     	add	x22, x0, x8
    3224: d61f0160     	br	x11
    3228: aa1303e0     	mov	x0, x19
    322c: 94006784     	bl	0x1d03c <f_841688+0x18d9c>
    3230: 52973e88     	mov	w8, #0xb9f4             // =47604
    3234: 8b080274     	add	x20, x19, x8
    3238: 910083e1     	add	x1, sp, #0x20
    323c: aa1303e0     	mov	x0, x19
    3240: f90013ff     	str	xzr, [sp, #0x20]
    3244: b9002bff     	str	wzr, [sp, #0x28]
    3248: aa1403e2     	mov	x2, x20
    324c: 97ff6863     	bl	0xfffffffffffdd3d8 <f_841688+0xfffffffffffd9138>
    3250: f9400268     	ldr	x8, [x19]
    3254: aa1303e0     	mov	x0, x19
    3258: f948c908     	ldr	x8, [x8, #0x1190]
    325c: d63f0100     	blr	x8
    3260: 340000a0     	cbz	w0, 0x3274 <f_7a3abc+0x7c>
    3264: 910083e1     	add	x1, sp, #0x20
    3268: aa1303e0     	mov	x0, x19
    326c: 52800022     	mov	w2, #0x1                // =1
    3270: 97ffcb6c     	bl	0xffffffffffff6020 <f_841688+0xffffffffffff1d80>
    3274: 794002c0     	ldrh	w0, [x22]
    3278: 97f143f9     	bl	0xffffffffffc5425c <f_841688+0xffffffffffc4ffbc>
    327c: b4000420     	cbz	x0, 0x3300 <f_7a3d04+0x64>
    3280: f9400269     	ldr	x9, [x19]
    3284: aa0003f5     	mov	x21, x0
    3288: 910073e1     	add	x1, sp, #0x1c
    328c: b9405004     	ldr	w4, [x0, #0x50]
    3290: 910063e2     	add	x2, sp, #0x18
    3294: 910053e3     	add	x3, sp, #0x14
    3298: d65f03c0     	ret

000000000000329c <f_7a3d04>:
    329c: aa1303e0     	mov	x0, x19
    32a0: a9454ff4     	ldp	x20, x19, [sp, #0x50]
    32a4: a94457f6     	ldp	x22, x21, [sp, #0x40]
    32a8: a9435ffe     	ldp	x30, x23, [sp, #0x30]
    32ac: 910183ff     	add	sp, sp, #0x60
    32b0: 14006805     	b	0x1d2c4 <f_841688+0x19024>
    32b4: a9be57fe     	stp	x30, x21, [sp, #-0x20]!
    32b8: a9014ff4     	stp	x20, x19, [sp, #0x10]
    32bc: 52973c88     	mov	w8, #0xb9e4             // =47588
    32c0: aa0003f3     	mov	x19, x0
    32c4: 7100203f     	cmp	w1, #0x8
    32c8: 8b080014     	add	x20, x0, x8
    32cc: 54000240     	b.eq	0x3314 <f_7a3d04+0x78>
    32d0: 5280de88     	mov	w8, #0x6f4              // =1780
    32d4: 72a00028     	movk	w8, #0x1, lsl #16
    32d8: 8b080275     	add	x21, x19, x8
    32dc: 7100043f     	cmp	w1, #0x1
    32e0: 54000340     	b.eq	0x3348 <f_7a3f70+0x8>
    32e4: 35000801     	cbnz	w1, 0x33e4 <f_7a4120>
    32e8: aa1303e0     	mov	x0, x19
    32ec: 940066eb     	bl	0x1ce98 <f_841688+0x18bf8>
    32f0: 1e2e1000     	fmov	s0, #1.00000000
    32f4: 12800002     	mov	w2, #-0x1               // =-1
    32f8: aa1303e0     	mov	x0, x19
    32fc: 52800061     	mov	w1, #0x3                // =3
    3300: 2a1f03e3     	mov	w3, wzr
    3304: 2a1f03e4     	mov	w4, wzr
    3308: 97ff0b8f     	bl	0xfffffffffffc6144 <f_841688+0xfffffffffffc1ea4>
    330c: b90002bf     	str	wzr, [x21]
    3310: 14000035     	b	0x33e4 <f_7a4120>
    3314: f9400268     	ldr	x8, [x19]
    3318: 52800561     	mov	w1, #0x2b               // =43
    331c: aa1303e0     	mov	x0, x19
    3320: f946f908     	ldr	x8, [x8, #0xdf0]
    3324: d63f0100     	blr	x8
    3328: 79400294     	ldrh	w20, [x20]
    332c: 97f1449b     	bl	0xffffffffffc54598 <f_841688+0xffffffffffc502f8>
    3330: 6b20229f     	cmp	w20, w0, uxth
    3334: 540004e1     	b.ne	0x33d0 <f_7a3f70+0x90>
    3338: aa1303e0     	mov	x0, x19
    333c: d65f03c0     	ret

0000000000003340 <f_7a3f70>:
    3340: d63f0100     	blr	x8
    3344: 9403705f     	bl	0xdf4c0 <f_841688+0xdb220>
    3348: b4000080     	cbz	x0, 0x3358 <f_7a3f70+0x18>
    334c: 52845b88     	mov	w8, #0x22dc             // =8924
    3350: 72a00028     	movk	w8, #0x1, lsl #16
    3354: b828681f     	str	wzr, [x0, x8]
    3358: aa1303e0     	mov	x0, x19
    335c: 9400665d     	bl	0x1ccd0 <f_841688+0x18a30>
    3360: 52973c88     	mov	w8, #0xb9e4             // =47588
    3364: 8b080274     	add	x20, x19, x8
    3368: 79400295     	ldrh	w21, [x20]
    336c: 97f143d9     	bl	0xffffffffffc542d0 <f_841688+0xffffffffffc50030>
    3370: 6b2022bf     	cmp	w21, w0, uxth
    3374: 540000e0     	b.eq	0x3390 <f_7a3f70+0x50>
    3378: 79400295     	ldrh	w21, [x20]
    337c: 97f143dd     	bl	0xffffffffffc542f0 <f_841688+0xffffffffffc50050>
    3380: 6b2022bf     	cmp	w21, w0, uxth
    3384: 54000060     	b.eq	0x3390 <f_7a3f70+0x50>
    3388: aa1303e0     	mov	x0, x19
    338c: 97ffb498     	bl	0xffffffffffff05ec <f_841688+0xfffffffffffec34c>
    3390: 79400281     	ldrh	w1, [x20]
    3394: aa1303e0     	mov	x0, x19
    3398: 97ffc050     	bl	0xffffffffffff34d8 <f_841688+0xfffffffffffef238>
    339c: 1e2e1008     	fmov	s8, #1.00000000
    33a0: 4ea81d00     	mov	v0.16b, v8.16b
    33a4: 528000a1     	mov	w1, #0x5                // =5
    33a8: 12800002     	mov	w2, #-0x1               // =-1
    33ac: aa1303e0     	mov	x0, x19
    33b0: 2a1f03e3     	mov	w3, wzr
    33b4: 2a1f03e4     	mov	w4, wzr
    33b8: 97ff0af1     	bl	0xfffffffffffc5f7c <f_841688+0xfffffffffffc1cdc>
    33bc: aa1303e0     	mov	x0, x19
    33c0: 97ff8c50     	bl	0xfffffffffffe6500 <f_841688+0xfffffffffffe2260>
    33c4: 528008e1     	mov	w1, #0x47               // =71
    33c8: aa1303e0     	mov	x0, x19
    33cc: 97ffcf56     	bl	0xffffffffffff7124 <f_841688+0xffffffffffff2e84>
    33d0: 34000180     	cbz	w0, 0x3400 <f_7a4120+0x1c>
    33d4: f9400268     	ldr	x8, [x19]
    33d8: aa1303e0     	mov	x0, x19
    33dc: f9467d08     	ldr	x8, [x8, #0xcf8]
    33e0: d65f03c0     	ret

00000000000033e4 <f_7a4120>:
    33e4: f946f902     	ldr	x2, [x8, #0xdf0]
    33e8: aa1303e0     	mov	x0, x19
    33ec: a9414ff4     	ldp	x20, x19, [sp, #0x10]
    33f0: a8c257fe     	ldp	x30, x21, [sp], #0x20
    33f4: d61f0040     	br	x2
    33f8: 52839d08     	mov	w8, #0x1ce8             // =7400
    33fc: 72a00028     	movk	w8, #0x1, lsl #16
    3400: 8b080274     	add	x20, x19, x8
    3404: 52973c88     	mov	w8, #0xb9e4             // =47588
    3408: aa1303e0     	mov	x0, x19
    340c: 8b080275     	add	x21, x19, x8
    3410: 940065ed     	bl	0x1cbc4 <f_841688+0x18924>
    3414: aa1303e0     	mov	x0, x19
    3418: 97ffb432     	bl	0xffffffffffff04e0 <f_841688+0xfffffffffffec240>
    341c: 794002a1     	ldrh	w1, [x21]
    3420: aa1303e0     	mov	x0, x19
    3424: 97ffbfea     	bl	0xffffffffffff33cc <f_841688+0xfffffffffffef12c>
    3428: aa1303e0     	mov	x0, x19
    342c: 52800021     	mov	w1, #0x1                // =1
    3430: 94006572     	bl	0x1c9f8 <f_841688+0x18758>
    3434: aa1303e0     	mov	x0, x19
    3438: 97ff8bef     	bl	0xfffffffffffe63f4 <f_841688+0xfffffffffffe2154>
    343c: 1e2e1000     	fmov	s0, #1.00000000
    3440: 12800002     	mov	w2, #-0x1               // =-1
    3444: aa1303e0     	mov	x0, x19
    3448: 528000e1     	mov	w1, #0x7                // =7
    344c: 2a1f03e3     	mov	w3, wzr
    3450: 2a1f03e4     	mov	w4, wzr
    3454: 97ff0a87     	bl	0xfffffffffffc5e70 <f_841688+0xfffffffffffc1bd0>
    3458: f9400280     	ldr	x0, [x20]
    345c: f9400008     	ldr	x8, [x0]
    3460: f9400d08     	ldr	x8, [x8, #0x18]
    3464: d63f0100     	blr	x8
    3468: f9400268     	ldr	x8, [x19]
    346c: aa1303e0     	mov	x0, x19
    3470: 2a1f03e1     	mov	w1, wzr
    3474: 2a1f03e2     	mov	w2, wzr
    3478: 2a1f03e3     	mov	w3, wzr
    347c: f9466908     	ldr	x8, [x8, #0xcd0]
    3480: 2a1f03e4     	mov	w4, wzr
    3484: d65f03c0     	ret

0000000000003488 <f_7a46d8>:
    3488: f9000bfe     	str	x30, [sp, #0x10]
    348c: a9024ff4     	stp	x20, x19, [sp, #0x20]
    3490: aa0003f3     	mov	x19, x0
    3494: 7100083f     	cmp	w1, #0x2
    3498: 54000280     	b.eq	0x34e8 <f_7a46d8+0x60>
    349c: 7100043f     	cmp	w1, #0x1
    34a0: 54000180     	b.eq	0x34d0 <f_7a46d8+0x48>
    34a4: 350009e1     	cbnz	w1, 0x35e0 <f_7a5128+0x10>
    34a8: 52973c88     	mov	w8, #0xb9e4             // =47588
    34ac: 8b080274     	add	x20, x19, x8
    34b0: b94e9a68     	ldr	w8, [x19, #0xe98]
    34b4: 321f0108     	orr	w8, w8, #0x2
    34b8: 7100891f     	cmp	w8, #0x22
    34bc: 54000241     	b.ne	0x3504 <f_7a46d8+0x7c>
    34c0: 79400280     	ldrh	w0, [x20]
    34c4: 97f14103     	bl	0xffffffffffc538d0 <f_841688+0xffffffffffc4f630>
    34c8: b50002c0     	cbnz	x0, 0x3520 <f_7a46d8+0x98>
    34cc: 1400001e     	b	0x3544 <f_7a4c70+0x18>
    34d0: 5280d488     	mov	w8, #0x6a4              // =1700
    34d4: 72a00028     	movk	w8, #0x1, lsl #16
    34d8: 8b080268     	add	x8, x19, x8
    34dc: 529999a9     	mov	w9, #0xcccd             // =52429
    34e0: 72a7b989     	movk	w9, #0x3dcc, lsl #16
    34e4: b9000109     	str	w9, [x8]
    34e8: f9400268     	ldr	x8, [x19]
    34ec: aa1303e0     	mov	x0, x19
    34f0: f940ed02     	ldr	x2, [x8, #0x1d8]
    34f4: a9424ff4     	ldp	x20, x19, [sp, #0x20]
    34f8: f9400bfe     	ldr	x30, [sp, #0x10]
    34fc: 9100c3ff     	add	sp, sp, #0x30
    3500: d61f0040     	br	x2
    3504: f9400268     	ldr	x8, [x19]
    3508: aa1303e0     	mov	x0, x19
    350c: f9473508     	ldr	x8, [x8, #0xe68]
    3510: d63f0100     	blr	x8
    3514: 79400280     	ldrh	w0, [x20]
    3518: 97f140ee     	bl	0xffffffffffc538d0 <f_841688+0xffffffffffc4f630>
    351c: b4000140     	cbz	x0, 0x3544 <f_7a4c70+0x18>
    3520: b9405008     	ldr	w8, [x0, #0x50]
    3524: 7100351f     	cmp	w8, #0xd
    3528: d65f03c0     	ret

000000000000352c <f_7a4c70>:
    352c: 910103ff     	add	sp, sp, #0x40
    3530: d65f03c0     	ret
    3534: d10183ff     	sub	sp, sp, #0x60
    3538: fd0013ea     	str	d10, [sp, #0x20]
    353c: f9001ffe     	str	x30, [sp, #0x38]
    3540: 6d02a3e9     	stp	d9, d8, [sp, #0x28]
    3544: a90457f6     	stp	x22, x21, [sp, #0x40]
    3548: a9054ff4     	stp	x20, x19, [sp, #0x50]
    354c: 52973c88     	mov	w8, #0xb9e4             // =47588
    3550: aa0003f3     	mov	x19, x0
    3554: 7100083f     	cmp	w1, #0x2
    3558: 8b080014     	add	x20, x0, x8
    355c: 54000700     	b.eq	0x363c <f_7a5128+0x6c>
    3560: 7100043f     	cmp	w1, #0x1
    3564: 540008a0     	b.eq	0x3678 <f_7a522c+0x4>
    3568: 35001341     	cbnz	w1, 0x37d0 <f_7a5470+0x14>
    356c: aa1303e0     	mov	x0, x19
    3570: 97ffb15a     	bl	0xfffffffffffefad8 <f_841688+0xfffffffffffeb838>
    3574: aa1303e0     	mov	x0, x19
    3578: 2a1f03e1     	mov	w1, wzr
    357c: 97ffbcf2     	bl	0xffffffffffff2944 <f_841688+0xfffffffffffee6a4>
    3580: 79400280     	ldrh	w0, [x20]
    3584: 97f13f96     	bl	0xffffffffffc533dc <f_841688+0xffffffffffc4f13c>
    3588: b40002c0     	cbz	x0, 0x35e0 <f_7a5128+0x10>
    358c: f9400269     	ldr	x9, [x19]
    3590: 52973e88     	mov	w8, #0xb9f4             // =47604
    3594: 8b080267     	add	x7, x19, x8
    3598: b9405004     	ldr	w4, [x0, #0x50]
    359c: 910023e1     	add	x1, sp, #0x8
    35a0: 910073e2     	add	x2, sp, #0x1c
    35a4: f9402405     	ldr	x5, [x0, #0x48]
    35a8: 910063e3     	add	x3, sp, #0x18
    35ac: b9406686     	ldr	w6, [x20, #0x64]
    35b0: b9403c08     	ldr	w8, [x0, #0x3c]
    35b4: aa1303e0     	mov	x0, x19
    35b8: f948b129     	ldr	x9, [x9, #0x1160]
    35bc: b90003e8     	str	w8, [sp]
    35c0: d63f0120     	blr	x9
    35c4: b9400be1     	ldr	w1, [sp, #0x8]
    35c8: 1e2e1000     	fmov	s0, #1.00000000
    35cc: d65f03c0     	ret

00000000000035d0 <f_7a5128>:
    35d0: a9be57fe     	stp	x30, x21, [sp, #-0x20]!
    35d4: a9014ff4     	stp	x20, x19, [sp, #0x10]
    35d8: 5281f008     	mov	w8, #0xf80              // =3968
    35dc: 72a00028     	movk	w8, #0x1, lsl #16
    35e0: aa0003f3     	mov	x19, x0
    35e4: 8b080014     	add	x20, x0, x8
    35e8: 7100083f     	cmp	w1, #0x2
    35ec: 54000280     	b.eq	0x363c <f_7a5128+0x6c>
    35f0: 52973c88     	mov	w8, #0xb9e4             // =47588
    35f4: 8b080275     	add	x21, x19, x8
    35f8: 7100043f     	cmp	w1, #0x1
    35fc: 54000300     	b.eq	0x365c <f_7a5128+0x8c>
    3600: 350006a1     	cbnz	w1, 0x36d4 <f_7a522c+0x60>
    3604: aa1303e0     	mov	x0, x19
    3608: 97ffb02f     	bl	0xfffffffffffef6c4 <f_841688+0xfffffffffffeb424>
    360c: 794002a1     	ldrh	w1, [x21]
    3610: aa1303e0     	mov	x0, x19
    3614: 97ffbbe7     	bl	0xffffffffffff25b0 <f_841688+0xfffffffffffee310>
    3618: aa1303e0     	mov	x0, x19
    361c: a9414ff4     	ldp	x20, x19, [sp, #0x10]
    3620: 12800002     	mov	w2, #-0x1               // =-1
    3624: 1e2e1000     	fmov	s0, #1.00000000
    3628: 52800401     	mov	w1, #0x20               // =32
    362c: 2a1f03e3     	mov	w3, wzr
    3630: 2a1f03e4     	mov	w4, wzr
    3634: a8c257fe     	ldp	x30, x21, [sp], #0x20
    3638: 17ff0687     	b	0xfffffffffffc5054 <f_841688+0xfffffffffffc0db4>
    363c: b94e9e68     	ldr	w8, [x19, #0xe9c]
    3640: 7100c11f     	cmp	w8, #0x30
    3644: 54000480     	b.eq	0x36d4 <f_7a522c+0x60>
    3648: f9400280     	ldr	x0, [x20]
    364c: 52800061     	mov	w1, #0x3                // =3
    3650: a9414ff4     	ldp	x20, x19, [sp, #0x10]
    3654: a8c257fe     	ldp	x30, x21, [sp], #0x20
    3658: 17ff45fd     	b	0xfffffffffffd4e4c <f_841688+0xfffffffffffd0bac>
    365c: 9108a260     	add	x0, x19, #0x228
    3660: 9400850a     	bl	0x24a88 <f_841688+0x207e8>
    3664: b9421aa8     	ldr	w8, [x21, #0x218]
    3668: 0b000108     	add	w8, w8, w0
    366c: b9021aa8     	str	w8, [x21, #0x218]
    3670: d65f03c0     	ret

0000000000003674 <f_7a522c>:
    3674: a9414ff4     	ldp	x20, x19, [sp, #0x10]
    3678: a8c257fe     	ldp	x30, x21, [sp], #0x20
    367c: d65f03c0     	ret
    3680: a9be57fe     	stp	x30, x21, [sp, #-0x20]!
    3684: a9014ff4     	stp	x20, x19, [sp, #0x10]
    3688: 5281f008     	mov	w8, #0xf80              // =3968
    368c: 72a00028     	movk	w8, #0x1, lsl #16
    3690: 8b080014     	add	x20, x0, x8
    3694: 52973c88     	mov	w8, #0xb9e4             // =47588
    3698: aa0003f3     	mov	x19, x0
    369c: 7100043f     	cmp	w1, #0x1
    36a0: 8b080015     	add	x21, x0, x8
    36a4: 54000240     	b.eq	0x36ec <f_7a522c+0x78>
    36a8: 350004e1     	cbnz	w1, 0x3744 <f_7a53b4+0x2c>
    36ac: aa1303e0     	mov	x0, x19
    36b0: 97ffafed     	bl	0xfffffffffffef664 <f_841688+0xfffffffffffeb3c4>
    36b4: 794002a1     	ldrh	w1, [x21]
    36b8: aa1303e0     	mov	x0, x19
    36bc: 97ffbba5     	bl	0xffffffffffff2550 <f_841688+0xfffffffffffee2b0>
    36c0: 1e2e1000     	fmov	s0, #1.00000000
    36c4: 52800501     	mov	w1, #0x28               // =40
    36c8: 12800002     	mov	w2, #-0x1               // =-1
    36cc: aa1303e0     	mov	x0, x19
    36d0: 2a1f03e3     	mov	w3, wzr
    36d4: 2a1f03e4     	mov	w4, wzr
    36d8: 97ff0647     	bl	0xfffffffffffc4ff4 <f_841688+0xfffffffffffc0d54>
    36dc: f9400280     	ldr	x0, [x20]
    36e0: a9414ff4     	ldp	x20, x19, [sp, #0x10]
    36e4: a8c257fe     	ldp	x30, x21, [sp], #0x20
    36e8: 17ff4585     	b	0xfffffffffffd4cfc <f_841688+0xfffffffffffd0a5c>
    36ec: 9108a260     	add	x0, x19, #0x228
    36f0: 940084ce     	bl	0x24a28 <f_841688+0x20788>
    36f4: b9421aa8     	ldr	w8, [x21, #0x218]
    36f8: 0b000108     	add	w8, w8, w0
    36fc: b9021aa8     	str	w8, [x21, #0x218]
    3700: f9400280     	ldr	x0, [x20]
    3704: 97ff457e     	bl	0xfffffffffffd4cfc <f_841688+0xfffffffffffd0a5c>
    3708: 34000100     	cbz	w0, 0x3728 <f_7a53b4+0x10>
    370c: f946c680     	ldr	x0, [x20, #0xd88]
    3710: f9400008     	ldr	x8, [x0]
    3714: d65f03c0     	ret

0000000000003718 <f_7a53b4>:
    3718: 72a00028     	movk	w8, #0x1, lsl #16
    371c: 8b080008     	add	x8, x0, x8
    3720: 7100083f     	cmp	w1, #0x2
    3724: 540002a0     	b.eq	0x3778 <f_7a53b4+0x60>
    3728: aa0003f3     	mov	x19, x0
    372c: 7100043f     	cmp	w1, #0x1
    3730: 540002e0     	b.eq	0x378c <f_7a53b4+0x74>
    3734: 35000441     	cbnz	w1, 0x37bc <f_7a5470>
    3738: 52973c88     	mov	w8, #0xb9e4             // =47588
    373c: aa1303e0     	mov	x0, x19
    3740: 8b080274     	add	x20, x19, x8
    3744: 97ffaf8f     	bl	0xfffffffffffef580 <f_841688+0xfffffffffffeb2e0>
    3748: 79400281     	ldrh	w1, [x20]
    374c: aa1303e0     	mov	x0, x19
    3750: 97ffbb47     	bl	0xffffffffffff246c <f_841688+0xfffffffffffee1cc>
    3754: aa1303e0     	mov	x0, x19
    3758: a9414ff4     	ldp	x20, x19, [sp, #0x10]
    375c: 52800161     	mov	w1, #0xb                // =11
    3760: 12800002     	mov	w2, #-0x1               // =-1
    3764: 1e2e1000     	fmov	s0, #1.00000000
    3768: 2a1f03e3     	mov	w3, wzr
    376c: 2a1f03e4     	mov	w4, wzr
    3770: f84207fe     	ldr	x30, [sp], #0x20
    3774: 17ff05e7     	b	0xfffffffffffc4f10 <f_841688+0xfffffffffffc0c70>
    3778: f9400100     	ldr	x0, [x8]
    377c: 52800061     	mov	w1, #0x3                // =3
    3780: a9414ff4     	ldp	x20, x19, [sp, #0x10]
    3784: f84207fe     	ldr	x30, [sp], #0x20
    3788: 17ff4560     	b	0xfffffffffffd4d08 <f_841688+0xfffffffffffd0a68>
    378c: f9400100     	ldr	x0, [x8]
    3790: 97ff4504     	bl	0xfffffffffffd4ba0 <f_841688+0xfffffffffffd0900>
    3794: 34000080     	cbz	w0, 0x37a4 <f_7a53b4+0x8c>
    3798: aa1303e0     	mov	x0, x19
    379c: 97ff118d     	bl	0xfffffffffffc7dd0 <f_841688+0xfffffffffffc3b30>
    37a0: 340000e0     	cbz	w0, 0x37bc <f_7a5470>
    37a4: f9400268     	ldr	x8, [x19]
    37a8: aa1303e0     	mov	x0, x19
    37ac: f946fd01     	ldr	x1, [x8, #0xdf8]
    37b0: a9414ff4     	ldp	x20, x19, [sp, #0x10]
    37b4: f84207fe     	ldr	x30, [sp], #0x20
    37b8: d65f03c0     	ret

00000000000037bc <f_7a5470>:
    37bc: 72a00028     	movk	w8, #0x1, lsl #16
    37c0: 8b080008     	add	x8, x0, x8
    37c4: 7100083f     	cmp	w1, #0x2
    37c8: 540002a0     	b.eq	0x381c <f_7a5470+0x60>
    37cc: aa0003f3     	mov	x19, x0
    37d0: 7100043f     	cmp	w1, #0x1
    37d4: 540002e0     	b.eq	0x3830 <f_7a5470+0x74>
    37d8: 35000441     	cbnz	w1, 0x3860 <f_7a5bc0>
    37dc: 52973c88     	mov	w8, #0xb9e4             // =47588
    37e0: aa1303e0     	mov	x0, x19
    37e4: 8b080274     	add	x20, x19, x8
    37e8: 97ffaf60     	bl	0xfffffffffffef568 <f_841688+0xfffffffffffeb2c8>
    37ec: 79400281     	ldrh	w1, [x20]
    37f0: aa1303e0     	mov	x0, x19
    37f4: 97ffbb18     	bl	0xffffffffffff2454 <f_841688+0xfffffffffffee1b4>
    37f8: aa1303e0     	mov	x0, x19
    37fc: a9414ff4     	ldp	x20, x19, [sp, #0x10]
    3800: 52800161     	mov	w1, #0xb                // =11
    3804: 12800002     	mov	w2, #-0x1               // =-1
    3808: 1e2e1000     	fmov	s0, #1.00000000
    380c: 2a1f03e3     	mov	w3, wzr
    3810: 2a1f03e4     	mov	w4, wzr
    3814: f84207fe     	ldr	x30, [sp], #0x20
    3818: 17ff05b8     	b	0xfffffffffffc4ef8 <f_841688+0xfffffffffffc0c58>
    381c: f9400100     	ldr	x0, [x8]
    3820: 52800081     	mov	w1, #0x4                // =4
    3824: a9414ff4     	ldp	x20, x19, [sp, #0x10]
    3828: f84207fe     	ldr	x30, [sp], #0x20
    382c: 17ff4531     	b	0xfffffffffffd4cf0 <f_841688+0xfffffffffffd0a50>
    3830: f9400100     	ldr	x0, [x8]
    3834: 97ff44f3     	bl	0xfffffffffffd4c00 <f_841688+0xfffffffffffd0960>
    3838: 34000080     	cbz	w0, 0x3848 <f_7a5470+0x8c>
    383c: aa1303e0     	mov	x0, x19
    3840: 97ff115e     	bl	0xfffffffffffc7db8 <f_841688+0xfffffffffffc3b18>
    3844: 340000e0     	cbz	w0, 0x3860 <f_7a5bc0>
    3848: f9400268     	ldr	x8, [x19]
    384c: aa1303e0     	mov	x0, x19
    3850: f946fd01     	ldr	x1, [x8, #0xdf8]
    3854: a9414ff4     	ldp	x20, x19, [sp, #0x10]
    3858: f84207fe     	ldr	x30, [sp], #0x20
    385c: d65f03c0     	ret

0000000000003860 <f_7a5bc0>:
    3860: 17ffffba     	b	0x3748 <f_7a53b4+0x30>
    3864: d10103ff     	sub	sp, sp, #0x40
    3868: a90257fe     	stp	x30, x21, [sp, #0x20]
    386c: a9034ff4     	stp	x20, x19, [sp, #0x30]
    3870: aa0003f3     	mov	x19, x0
    3874: 7100043f     	cmp	w1, #0x1
    3878: 54000800     	b.eq	0x3978 <f_7a5d64+0x74>
    387c: 35000761     	cbnz	w1, 0x3968 <f_7a5d64+0x64>
    3880: 52973c88     	mov	w8, #0xb9e4             // =47588
    3884: aa1303e0     	mov	x0, x19
    3888: 8b080275     	add	x21, x19, x8
    388c: 97ffad8c     	bl	0xfffffffffffeeebc <f_841688+0xfffffffffffeac1c>
    3890: 794002a1     	ldrh	w1, [x21]
    3894: aa1303e0     	mov	x0, x19
    3898: 97ffb944     	bl	0xffffffffffff1da8 <f_841688+0xfffffffffffedb08>
    389c: 794002a0     	ldrh	w0, [x21]
    38a0: 97f13bc8     	bl	0xffffffffffc527c0 <f_841688+0xffffffffffc4e520>
    38a4: b40003e0     	cbz	x0, 0x3920 <f_7a5d64+0x1c>
    38a8: bd400000     	ldr	s0, [x0]
    38ac: aa0003f4     	mov	x20, x0
    38b0: aa1303e0     	mov	x0, x19
    38b4: 97ff84e3     	bl	0xfffffffffffe4c40 <f_841688+0xfffffffffffe09a0>
    38b8: bd406aa0     	ldr	s0, [x21, #0x68]
    38bc: 52973e88     	mov	w8, #0xb9f4             // =47604
    38c0: 8b080267     	add	x7, x19, x8
    38c4: bd416661     	ldr	s1, [x19, #0x164]
    38c8: 1e200820     	fmul	s0, s1, s0
    38cc: bd016660     	str	s0, [x19, #0x164]
    38d0: b9001bff     	str	wzr, [sp, #0x18]
    38d4: f9400269     	ldr	x9, [x19]
    38d8: b9405284     	ldr	w4, [x20, #0x50]
    38dc: f9402685     	ldr	x5, [x20, #0x48]
    38e0: b94066a6     	ldr	w6, [x21, #0x64]
    38e4: b9403e88     	ldr	w8, [x20, #0x3c]
    38e8: f948b129     	ldr	x9, [x9, #0x1160]
    38ec: 910023e1     	add	x1, sp, #0x8
    38f0: 910073e2     	add	x2, sp, #0x1c
    38f4: 910063e3     	add	x3, sp, #0x18
    38f8: aa1303e0     	mov	x0, x19
    38fc: b90003e8     	str	w8, [sp]
    3900: d65f03c0     	ret

0000000000003904 <f_7a5d64>:
    3904: b9000a9f     	str	wzr, [x20, #0x8]
    3908: f9439000     	ldr	x0, [x0, #0x720]
    390c: 942d3655     	bl	0xb51260 <f_841688+0xb4cfc0>
    3910: 17ffffca     	b	0x3838 <f_7a5470+0x7c>
    3914: d10103ff     	sub	sp, sp, #0x40
    3918: f9000bfe     	str	x30, [sp, #0x10]
    391c: a90257f6     	stp	x22, x21, [sp, #0x20]
    3920: a9034ff4     	stp	x20, x19, [sp, #0x30]
    3924: 52973c88     	mov	w8, #0xb9e4             // =47588
    3928: aa0003f3     	mov	x19, x0
    392c: 7100043f     	cmp	w1, #0x1
    3930: 8b080014     	add	x20, x0, x8
    3934: 54000920     	b.eq	0x3a58 <f_7af914+0xc>
    3938: 35001641     	cbnz	w1, 0x3c00 <f_7b7254+0x6c>
    393c: 79400280     	ldrh	w0, [x20]
    3940: 97f13b60     	bl	0xffffffffffc526c0 <f_841688+0xffffffffffc4e420>
    3944: b4000100     	cbz	x0, 0x3964 <f_7a5d64+0x60>
    3948: 1e2e1000     	fmov	s0, #1.00000000
    394c: 52800161     	mov	w1, #0xb                // =11
    3950: 12800002     	mov	w2, #-0x1               // =-1
    3954: aa1303e0     	mov	x0, x19
    3958: 2a1f03e3     	mov	w3, wzr
    395c: 2a1f03e4     	mov	w4, wzr
    3960: 97ff037b     	bl	0xfffffffffffc474c <f_841688+0xfffffffffffc04ac>
    3964: b94e9a68     	ldr	w8, [x19, #0xe98]
    3968: 121f7908     	and	w8, w8, #0xfffffffe
    396c: 913b9275     	add	x21, x19, #0xee4
    3970: 7100d11f     	cmp	w8, #0x34
    3974: 540004a0     	b.eq	0x3a08 <f_7ac944+0x60>
    3978: aa1303e0     	mov	x0, x19
    397c: 52800041     	mov	w1, #0x2                // =2
    3980: 97ffb8aa     	bl	0xffffffffffff1c28 <f_841688+0xfffffffffffed988>
    3984: f9400268     	ldr	x8, [x19]
    3988: 528e13c1     	mov	w1, #0x709e             // =28830
    398c: aa1303e0     	mov	x0, x19
    3990: f9481908     	ldr	x8, [x8, #0x1030]
    3994: 2a1f03e2     	mov	w2, wzr
    3998: d63f0100     	blr	x8
    399c: 52973e88     	mov	w8, #0xb9f4             // =47604
    39a0: 8b080262     	add	x2, x19, x8
    39a4: d65f03c0     	ret

00000000000039a8 <f_7ac944>:
    39a8: f94037fe     	ldr	x30, [sp, #0x68]
    39ac: 910203ff     	add	sp, sp, #0x80
    39b0: d65f03c0     	ret
    39b4: f81e0ffe     	str	x30, [sp, #-0x20]!
    39b8: a9014ff4     	stp	x20, x19, [sp, #0x10]
    39bc: aa0003f3     	mov	x19, x0
    39c0: 97fe8e0d     	bl	0xfffffffffffa71f4 <f_841688+0xfffffffffffa2f54>
    39c4: 350003c0     	cbnz	w0, 0x3a3c <f_7ac944+0x94>
    39c8: 52973c88     	mov	w8, #0xb9e4             // =47588
    39cc: 8b080274     	add	x20, x19, x8
    39d0: 79400280     	ldrh	w0, [x20]
    39d4: 97f1206c     	bl	0xffffffffffc4bb84 <f_841688+0xffffffffffc478e4>
    39d8: b4000100     	cbz	x0, 0x39f8 <f_7ac944+0x50>
    39dc: b9405008     	ldr	w8, [x0, #0x50]
    39e0: 7100491f     	cmp	w8, #0x12
    39e4: 7a5e1904     	ccmp	w8, #0x1e, #0x4, ne
    39e8: 540002a0     	b.eq	0x3a3c <f_7ac944+0x94>
    39ec: 39412008     	ldrb	w8, [x0, #0x48]
    39f0: 721e091f     	tst	w8, #0x1c
    39f4: 54000241     	b.ne	0x3a3c <f_7ac944+0x94>
    39f8: 79400280     	ldrh	w0, [x20]
    39fc: 97f12062     	bl	0xffffffffffc4bb84 <f_841688+0xffffffffffc478e4>
    3a00: b40000a0     	cbz	x0, 0x3a14 <f_7ac944+0x6c>
    3a04: b9405688     	ldr	w8, [x20, #0x54]
    3a08: b9404809     	ldr	w9, [x0, #0x48]
    3a0c: 2a080128     	orr	w8, w9, w8
    3a10: 37580168     	tbnz	w8, #0xb, 0x3a3c <f_7ac944+0x94>
    3a14: f9400268     	ldr	x8, [x19]
    3a18: aa1303e0     	mov	x0, x19
    3a1c: f9402508     	ldr	x8, [x8, #0x48]
    3a20: d63f0100     	blr	x8
    3a24: 94034dcc     	bl	0xd7154 <f_841688+0xd2eb4>
    3a28: b4000120     	cbz	x0, 0x3a4c <f_7af914>
    3a2c: 52845b88     	mov	w8, #0x22dc             // =8924
    3a30: 72a00028     	movk	w8, #0x1, lsl #16
    3a34: b8686808     	ldr	w8, [x0, x8]
    3a38: 340000a8     	cbz	w8, 0x3a4c <f_7af914>
    3a3c: 2a1f03e0     	mov	w0, wzr
    3a40: a9414ff4     	ldp	x20, x19, [sp, #0x10]
    3a44: f84207fe     	ldr	x30, [sp], #0x20
    3a48: d65f03c0     	ret

0000000000003a4c <f_7af914>:
    3a4c: 7100083f     	cmp	w1, #0x2
    3a50: 54000820     	b.eq	0x3b54 <f_7b4c70+0x64>
    3a54: 7100043f     	cmp	w1, #0x1
    3a58: 54000aa0     	b.eq	0x3bac <f_7b7254+0x18>
    3a5c: 35001f81     	cbnz	w1, 0x3e4c <f_7f71ac+0x28>
    3a60: 5280de88     	mov	w8, #0x6f4              // =1780
    3a64: 72a00028     	movk	w8, #0x1, lsl #16
    3a68: 8b080277     	add	x23, x19, x8
    3a6c: 52973c88     	mov	w8, #0xb9e4             // =47588
    3a70: 8b080278     	add	x24, x19, x8
    3a74: 79400300     	ldrh	w0, [x24]
    3a78: 97f11478     	bl	0xffffffffffc48c58 <f_841688+0xffffffffffc449b8>
    3a7c: b4001200     	cbz	x0, 0x3cbc <f_7d1474+0x84>
    3a80: f9400269     	ldr	x9, [x19]
    3a84: 52973e88     	mov	w8, #0xb9f4             // =47604
    3a88: 8b080275     	add	x21, x19, x8
    3a8c: b9405004     	ldr	w4, [x0, #0x50]
    3a90: aa0003f6     	mov	x22, x0
    3a94: 910073e1     	add	x1, sp, #0x1c
    3a98: f9402405     	ldr	x5, [x0, #0x48]
    3a9c: 910063e2     	add	x2, sp, #0x18
    3aa0: 910053e3     	add	x3, sp, #0x14
    3aa4: b9406706     	ldr	w6, [x24, #0x64]
    3aa8: aa1503e7     	mov	x7, x21
    3aac: b9403c08     	ldr	w8, [x0, #0x3c]
    3ab0: aa1303e0     	mov	x0, x19
    3ab4: f948b129     	ldr	x9, [x9, #0x1160]
    3ab8: b90003e8     	str	w8, [sp]
    3abc: d63f0120     	blr	x9
    3ac0: b9401bf4     	ldr	w20, [sp, #0x18]
    3ac4: 71012a9f     	cmp	w20, #0x4a
    3ac8: 54000fe0     	b.eq	0x3cc4 <f_7d1474+0x8c>
    3acc: 71019e9f     	cmp	w20, #0x67
    3ad0: 54001041     	b.ne	0x3cd8 <f_7d1474+0xa0>
    3ad4: b9421f08     	ldr	w8, [x24, #0x21c]
    3ad8: 7100011f     	cmp	w8, #0x0
    3adc: 5a885509     	cneg	w9, w8, mi
    3ae0: 12000529     	and	w9, w9, #0x3
    3ae4: 11019d34     	add	w20, w9, #0x67
    3ae8: 11000509     	add	w9, w8, #0x1
    3aec: d65f03c0     	ret

0000000000003af0 <f_7b4c70>:
    3af0: d63f0100     	blr	x8
    3af4: b4005920     	cbz	x0, 0x4618 <f_841688+0x378>
    3af8: f9400268     	ldr	x8, [x19]
    3afc: aa0003f4     	mov	x20, x0
    3b00: b94e9401     	ldr	w1, [x0, #0xe94]
    3b04: aa1303e0     	mov	x0, x19
    3b08: f9470108     	ldr	x8, [x8, #0xe00]
    3b0c: d63f0100     	blr	x8
    3b10: 52973c88     	mov	w8, #0xb9e4             // =47588
    3b14: 2a0003f5     	mov	w21, w0
    3b18: 78686a80     	ldrh	w0, [x20, x8]
    3b1c: 97f0ffa1     	bl	0xffffffffffc439a0 <f_841688+0xffffffffffc3f700>
    3b20: 35002915     	cbnz	w21, 0x4040 <f_8090ec+0x30>
    3b24: b40028e0     	cbz	x0, 0x4040 <f_8090ec+0x30>
    3b28: fd401be8     	ldr	d8, [sp, #0x30]
    3b2c: aa1403e0     	mov	x0, x20
    3b30: f9401ffe     	ldr	x30, [sp, #0x38]
    3b34: a9484ff4     	ldp	x20, x19, [sp, #0x80]
    3b38: a94757f6     	ldp	x22, x21, [sp, #0x70]
    3b3c: a9465ff8     	ldp	x24, x23, [sp, #0x60]
    3b40: a94567fa     	ldp	x26, x25, [sp, #0x50]
    3b44: a9446ffc     	ldp	x28, x27, [sp, #0x40]
    3b48: 910243ff     	add	sp, sp, #0x90
    3b4c: 17ff884e     	b	0xfffffffffffe5c84 <f_841688+0xfffffffffffe19e4>
    3b50: f000cc68     	adrp	x8, 0x1992000 <f_841688+0x198dd60>
    3b54: f9435908     	ldr	x8, [x8, #0x6b0]
    3b58: f9400100     	ldr	x0, [x8]
    3b5c: 52820101     	mov	w1, #0x1008             // =4104
    3b60: 2a1f03e2     	mov	w2, wzr
    3b64: 2a1f03e3     	mov	w3, wzr
    3b68: 97fd48ae     	bl	0xfffffffffff55e20 <f_841688+0xfffffffffff51b80>
    3b6c: f9400268     	ldr	x8, [x19]
    3b70: 4ea81d00     	mov	v0.16b, v8.16b
    3b74: aa1303e0     	mov	x0, x19
    3b78: f9467908     	ldr	x8, [x8, #0xcf0]
    3b7c: d63f0100     	blr	x8
    3b80: f9400269     	ldr	x9, [x19]
    3b84: aa1303e0     	mov	x0, x19
    3b88: b9427728     	ldr	w8, [x25, #0x274]
    3b8c: 7100011f     	cmp	w8, #0x0
    3b90: d65f03c0     	ret

0000000000003b94 <f_7b7254>:
    3b94: 910083e4     	add	x4, sp, #0x20
    3b98: 9100c3e6     	add	x6, sp, #0x30
    3b9c: aa1303e0     	mov	x0, x19
    3ba0: 52800181     	mov	w1, #0xc                // =12
    3ba4: 52800023     	mov	w3, #0x1                // =1
    3ba8: 2a1f03e7     	mov	w7, wzr
    3bac: aa1403e5     	mov	x5, x20
    3bb0: 97fe2bad     	bl	0xfffffffffff8ea64 <f_841688+0xfffffffffff8a7c4>
    3bb4: 52973c88     	mov	w8, #0xb9e4             // =47588
    3bb8: 78686a76     	ldrh	w22, [x19, x8]
    3bbc: 97f0f7f9     	bl	0xffffffffffc41ba0 <f_841688+0xffffffffffc3d900>
    3bc0: 6b2022df     	cmp	w22, w0, uxth
    3bc4: 540001c1     	b.ne	0x3bfc <f_7b7254+0x68>
    3bc8: 08dffea8     	ldarb	w8, [x21]
    3bcc: 36000528     	tbz	w8, #0x0, 0x3c70 <f_7d1474+0x38>
    3bd0: 9000cc65     	adrp	x5, 0x198f000 <f_841688+0x198ad60>
    3bd4: f94394a5     	ldr	x5, [x5, #0x728]
    3bd8: f00098c2     	adrp	x2, 0x131e000 <f_841688+0x1319d60>
    3bdc: 9122d042     	add	x2, x2, #0x8b4
    3be0: 52801c21     	mov	w1, #0xe1               // =225
    3be4: 910083e4     	add	x4, sp, #0x20
    3be8: 9100c3e6     	add	x6, sp, #0x30
    3bec: aa1303e0     	mov	x0, x19
    3bf0: 52800023     	mov	w3, #0x1                // =1
    3bf4: 2a1f03e7     	mov	w7, wzr
    3bf8: 97fe2b9b     	bl	0xfffffffffff8ea64 <f_841688+0xfffffffffff8a7c4>
    3bfc: a9464ff4     	ldp	x20, x19, [sp, #0x60]
    3c00: f94023fe     	ldr	x30, [sp, #0x40]
    3c04: a94557f6     	ldp	x22, x21, [sp, #0x50]
    3c08: 9101c3ff     	add	sp, sp, #0x70
    3c0c: d65f03c0     	ret
    3c10: d000cc60     	adrp	x0, 0x1991000 <f_841688+0x198cd60>
    3c14: f9466c00     	ldr	x0, [x0, #0xcd8]
    3c18: 942cf0f6     	bl	0xb3fff0 <f_841688+0xb3bd50>
    3c1c: 34ffd920     	cbz	w0, 0x3740 <f_7a53b4+0x28>
    3c20: 0f03f600     	fmov	v0.2s, #1.00000000
    3c24: 52a7f008     	mov	w8, #0x3f800000         // =1065353216
    3c28: b9000a88     	str	w8, [x20, #0x8]
    3c2c: fd000280     	str	d0, [x20]
    3c30: d000cc60     	adrp	x0, 0x1991000 <f_841688+0x198cd60>
    3c34: d65f03c0     	ret

0000000000003c38 <f_7d1474>:
    3c38: aa1303e0     	mov	x0, x19
    3c3c: 94000d48     	bl	0x715c <f_841688+0x2ebc>
    3c40: 34ffff40     	cbz	w0, 0x3c28 <f_7b7254+0x94>
    3c44: 5281e908     	mov	w8, #0xf48              // =3912
    3c48: 72a00028     	movk	w8, #0x1, lsl #16
    3c4c: 8b080268     	add	x8, x19, x8
    3c50: b9400108     	ldr	w8, [x8]
    3c54: 35fffe88     	cbnz	w8, 0x3c24 <f_7b7254+0x90>
    3c58: 52973c88     	mov	w8, #0xb9e4             // =47588
    3c5c: 8b080274     	add	x20, x19, x8
    3c60: 79400281     	ldrh	w1, [x20]
    3c64: 90009642     	adrp	x2, 0x12cb000 <f_841688+0x12c6d60>
    3c68: 912aa042     	add	x2, x2, #0xaa8
    3c6c: aa1303e0     	mov	x0, x19
    3c70: 97ff108d     	bl	0xfffffffffffc7ea4 <f_841688+0xfffffffffffc3c04>
    3c74: 35fffd80     	cbnz	w0, 0x3c24 <f_7b7254+0x90>
    3c78: 79400281     	ldrh	w1, [x20]
    3c7c: 90009702     	adrp	x2, 0x12e3000 <f_841688+0x12ded60>
    3c80: 9104e042     	add	x2, x2, #0x138
    3c84: aa1303e0     	mov	x0, x19
    3c88: 97ff1087     	bl	0xfffffffffffc7ea4 <f_841688+0xfffffffffffc3c04>
    3c8c: 35fffcc0     	cbnz	w0, 0x3c24 <f_7b7254+0x90>
    3c90: 79400281     	ldrh	w1, [x20]
    3c94: f00093e2     	adrp	x2, 0x1282000 <f_841688+0x127dd60>
    3c98: 9106bc42     	add	x2, x2, #0x1af
    3c9c: aa1303e0     	mov	x0, x19
    3ca0: 97ff1081     	bl	0xfffffffffffc7ea4 <f_841688+0xfffffffffffc3c04>
    3ca4: 35fffc00     	cbnz	w0, 0x3c24 <f_7b7254+0x90>
    3ca8: 79400281     	ldrh	w1, [x20]
    3cac: b00099a2     	adrp	x2, 0x1338000 <f_841688+0x1333d60>
    3cb0: 9119c842     	add	x2, x2, #0x672
    3cb4: aa1303e0     	mov	x0, x19
    3cb8: 97ff107b     	bl	0xfffffffffffc7ea4 <f_841688+0xfffffffffffc3c04>
    3cbc: 35fffb40     	cbnz	w0, 0x3c24 <f_7b7254+0x90>
    3cc0: aa1303e0     	mov	x0, x19
    3cc4: 910083f4     	add	x20, sp, #0x20
    3cc8: 97feedf7     	bl	0xfffffffffffbf4a4 <f_841688+0xfffffffffffbb204>
    3ccc: d000cb88     	adrp	x8, 0x1975000 <f_841688+0x1970d60>
    3cd0: f943c908     	ldr	x8, [x8, #0x790]
    3cd4: f9404269     	ldr	x9, [x19, #0x80]
    3cd8: d65f03c0     	ret

0000000000003cdc <f_7df760>:
    3cdc: 100000aa     	adr	x10, 0x3cf0 <f_7df760+0x14>
    3ce0: 3868692b     	ldrb	w11, [x9, x8]
    3ce4: 8b0b094a     	add	x10, x10, x11, lsl #2
    3ce8: aa0003f3     	mov	x19, x0
    3cec: d61f0140     	br	x10
    3cf0: 5280de88     	mov	w8, #0x6f4              // =1780
    3cf4: 72a00028     	movk	w8, #0x1, lsl #16
    3cf8: 8b080275     	add	x21, x19, x8
    3cfc: 52973c88     	mov	w8, #0xb9e4             // =47588
    3d00: 8b080276     	add	x22, x19, x8
    3d04: 794002c0     	ldrh	w0, [x22]
    3d08: 97f054e5     	bl	0xffffffffffc1909c <f_841688+0xffffffffffc14dfc>
    3d0c: aa0003f4     	mov	x20, x0
    3d10: b40007c0     	cbz	x0, 0x3e08 <f_7f02dc+0x88>
    3d14: b9405288     	ldr	w8, [x20, #0x50]
    3d18: 71003d1f     	cmp	w8, #0xf
    3d1c: 54000761     	b.ne	0x3e08 <f_7f02dc+0x88>
    3d20: bd400280     	ldr	s0, [x20]
    3d24: aa1303e0     	mov	x0, x19
    3d28: 97fe9dfd     	bl	0xfffffffffffab51c <f_841688+0xfffffffffffa727c>
    3d2c: bd406ac0     	ldr	s0, [x22, #0x68]
    3d30: bd416661     	ldr	s1, [x19, #0x164]
    3d34: 1e200820     	fmul	s0, s1, s0
    3d38: bd016660     	str	s0, [x19, #0x164]
    3d3c: 14000037     	b	0x3e18 <f_7f02dc+0x98>
    3d40: 9000cb29     	adrp	x9, 0x1967000 <f_841688+0x1962d60>
    3d44: 9000cb2a     	adrp	x10, 0x1967000 <f_841688+0x1962d60>
    3d48: b94ea668     	ldr	w8, [x19, #0xea4]
    3d4c: f9438d29     	ldr	x9, [x9, #0x718]
    3d50: f9432d4a     	ldr	x10, [x10, #0x658]
    3d54: f940014a     	ldr	x10, [x10]
    3d58: b9400129     	ldr	w9, [x9]
    3d5c: 3968094a     	ldrb	w10, [x10, #0xa02]
    3d60: 1aca0929     	udiv	w9, w9, w10
    3d64: 1e230140     	ucvtf	s0, w10
    3d68: 1ac90d08     	sdiv	w8, w8, w9
    3d6c: 52955569     	mov	w9, #0xaaab             // =43691
    3d70: 72a7c549     	movk	w9, #0x3e2a, lsl #16
    3d74: 1e270121     	fmov	s1, w9
    3d78: 1e210800     	fmul	s0, s0, s1
    3d7c: d65f03c0     	ret

0000000000003d80 <f_7f02dc>:
    3d80: 54fffc2c     	b.gt	0x3d04 <f_7df760+0x28>
    3d84: 5100c109     	sub	w9, w8, #0x30
    3d88: 7100093f     	cmp	w9, #0x2
    3d8c: 54fffbc3     	b.lo	0x3d04 <f_7df760+0x28>
    3d90: 7100b91f     	cmp	w8, #0x2e
    3d94: 54fffb80     	b.eq	0x3d04 <f_7df760+0x28>
    3d98: 7100b51f     	cmp	w8, #0x2d
    3d9c: 540001e1     	b.ne	0x3dd8 <f_7f02dc+0x58>
    3da0: 52973c88     	mov	w8, #0xb9e4             // =47588
    3da4: 8b080275     	add	x21, x19, x8
    3da8: 794002b7     	ldrh	w23, [x21]
    3dac: d0008f80     	adrp	x0, 0x11f5000 <f_841688+0x11f0d60>
    3db0: 91365400     	add	x0, x0, #0xd95
    3db4: 97f01214     	bl	0xffffffffffc08604 <f_841688+0xffffffffffc04364>
    3db8: 6b2022ff     	cmp	w23, w0, uxth
    3dbc: 540000e0     	b.eq	0x3dd8 <f_7f02dc+0x58>
    3dc0: 794002b5     	ldrh	w21, [x21]
    3dc4: b00096c0     	adrp	x0, 0x12dc000 <f_841688+0x12d7d60>
    3dc8: 91273000     	add	x0, x0, #0x9cc
    3dcc: 97f0120e     	bl	0xffffffffffc08604 <f_841688+0xffffffffffc04364>
    3dd0: 6b2022bf     	cmp	w21, w0, uxth
    3dd4: 54fffc61     	b.ne	0x3d60 <f_7df760+0x84>
    3dd8: b94e9668     	ldr	w8, [x19, #0xe94]
    3ddc: 52800035     	mov	w21, #0x1               // =1
    3de0: 71024d1f     	cmp	w8, #0x93
    3de4: 54fff900     	b.eq	0x3d04 <f_7df760+0x28>
    3de8: 7102551f     	cmp	w8, #0x95
    3dec: 54fff8c0     	b.eq	0x3d04 <f_7df760+0x28>
    3df0: b94e9e68     	ldr	w8, [x19, #0xe9c]
    3df4: 52800035     	mov	w21, #0x1               // =1
    3df8: 71024d1f     	cmp	w8, #0x93
    3dfc: 54fff840     	b.eq	0x3d04 <f_7df760+0x28>
    3e00: 7102551f     	cmp	w8, #0x95
    3e04: 54fff800     	b.eq	0x3d04 <f_7df760+0x28>
    3e08: 350003d4     	cbnz	w20, 0x3e80 <f_7f71ac+0x5c>
    3e0c: b94e5668     	ldr	w8, [x19, #0xe54]
    3e10: 71005d1f     	cmp	w8, #0x17
    3e14: 54000201     	b.ne	0x3e54 <f_7f71ac+0x30>
    3e18: f9400268     	ldr	x8, [x19]
    3e1c: aa1303e0     	mov	x0, x19
    3e20: d65f03c0     	ret

0000000000003e24 <f_7f71ac>:
    3e24: d61f0040     	br	x2
    3e28: a9be57fe     	stp	x30, x21, [sp, #-0x20]!
    3e2c: a9014ff4     	stp	x20, x19, [sp, #0x10]
    3e30: aa0003f3     	mov	x19, x0
    3e34: 52800180     	mov	w0, #0xc                // =12
    3e38: 2a0103f4     	mov	w20, w1
    3e3c: 97fd65af     	bl	0xfffffffffff5d4f8 <f_841688+0xfffffffffff59258>
    3e40: 35000100     	cbnz	w0, 0x3e60 <f_7f71ac+0x3c>
    3e44: 52973c88     	mov	w8, #0xb9e4             // =47588
    3e48: 8b080275     	add	x21, x19, x8
    3e4c: b000cd69     	adrp	x9, 0x19b0000 <f_841688+0x19abd60>
    3e50: f9424929     	ldr	x9, [x9, #0x490]
    3e54: f84542a8     	ldur	x8, [x21, #0x54]
    3e58: ea08013f     	tst	x9, x8
    3e5c: 540000a0     	b.eq	0x3e70 <f_7f71ac+0x4c>
    3e60: 2a1f03e0     	mov	w0, wzr
    3e64: a9414ff4     	ldp	x20, x19, [sp, #0x10]
    3e68: a8c257fe     	ldp	x30, x21, [sp], #0x20
    3e6c: d65f03c0     	ret
    3e70: f9400268     	ldr	x8, [x19]
    3e74: aa1303e0     	mov	x0, x19
    3e78: f9402508     	ldr	x8, [x8, #0x48]
    3e7c: d63f0100     	blr	x8
    3e80: 97fe71ae     	bl	0xfffffffffffa0538 <f_841688+0xfffffffffff9c298>
    3e84: 940223b9     	bl	0x8cd68 <f_841688+0x88ac8>
    3e88: b40000c0     	cbz	x0, 0x3ea0 <f_7f71ac+0x7c>
    3e8c: f9400008     	ldr	x8, [x0]
    3e90: f9466d08     	ldr	x8, [x8, #0xcd8]
    3e94: d63f0100     	blr	x8
    3e98: 1e202008     	fcmp	s0, #0.0
    3e9c: 54fffe2d     	b.le	0x3e60 <f_7f71ac+0x3c>
    3ea0: 34000234     	cbz	w20, 0x3ee4 <f_7fc670+0x1c>
    3ea4: 9000ca68     	adrp	x8, 0x194f000 <f_841688+0x194ad60>
    3ea8: 9000ca6a     	adrp	x10, 0x194f000 <f_841688+0x194ad60>
    3eac: f9438d08     	ldr	x8, [x8, #0x718]
    3eb0: b94ea669     	ldr	w9, [x19, #0xea4]
    3eb4: 1e2c1001     	fmov	s1, #0.50000000
    3eb8: f9432d4a     	ldr	x10, [x10, #0x658]
    3ebc: f940014a     	ldr	x10, [x10]
    3ec0: b9400108     	ldr	w8, [x8]
    3ec4: d65f03c0     	ret

0000000000003ec8 <f_7fc670>:
    3ec8: aa1303e0     	mov	x0, x19
    3ecc: f946e908     	ldr	x8, [x8, #0xdd0]
    3ed0: d63f0100     	blr	x8
    3ed4: b4000860     	cbz	x0, 0x3fe0 <f_7fe4bc+0x74>
    3ed8: aa0003f4     	mov	x20, x0
    3edc: aa1303e0     	mov	x0, x19
    3ee0: 97fe661a     	bl	0xfffffffffff9d748 <f_841688+0xfffffffffff994a8>
    3ee4: b40006a0     	cbz	x0, 0x3fb8 <f_7fe4bc+0x4c>
    3ee8: 52973c88     	mov	w8, #0xb9e4             // =47588
    3eec: 8b080296     	add	x22, x20, x8
    3ef0: 794002d7     	ldrh	w23, [x22]
    3ef4: aa0003f5     	mov	x21, x0
    3ef8: 97efe1c0     	bl	0xffffffffffbfc5f8 <f_841688+0xffffffffffbf8358>
    3efc: 6b2022ff     	cmp	w23, w0, uxth
    3f00: 54000201     	b.ne	0x3f40 <f_7fc670+0x78>
    3f04: fc4c4280     	ldur	d0, [x20, #0xc4]
    3f08: 2ea0f801     	fneg	v1.2s, v0.2s
    3f0c: 2e20dc00     	fmul	v0.2s, v0.2s, v0.2s
    3f10: bd40ce82     	ldr	s2, [x20, #0xcc]
    3f14: fd0003e1     	str	d1, [sp]
    3f18: 0e0c0401     	dup	v1.2s, v0.s[1]
    3f1c: 0e20d420     	fadd	v0.2s, v1.2s, v0.2s
    3f20: 1f020040     	fmadd	s0, s2, s2, s0
    3f24: 1e202008     	fcmp	s0, #0.0
    3f28: bd000be2     	str	s2, [sp, #0x8]
    3f2c: 540000ad     	b.le	0x3f40 <f_7fc670+0x78>
    3f30: 910003e1     	mov	x1, sp
    3f34: aa1303e0     	mov	x0, x19
    3f38: 52800022     	mov	w2, #0x1                // =1
    3f3c: 97fd1308     	bl	0xfffffffffff48b5c <f_841688+0xfffffffffff448bc>
    3f40: b94e56a8     	ldr	w8, [x21, #0xe54]
    3f44: 7101b51f     	cmp	w8, #0x6d
    3f48: 54000381     	b.ne	0x3fb8 <f_7fe4bc+0x4c>
    3f4c: aa1503e0     	mov	x0, x21
    3f50: 97fda8f0     	bl	0xfffffffffff6e310 <f_841688+0xfffffffffff6a070>
    3f54: 7103101f     	cmp	w0, #0xc4
    3f58: 54000301     	b.ne	0x3fb8 <f_7fe4bc+0x4c>
    3f5c: 794002d5     	ldrh	w21, [x22]
    3f60: 97efe1be     	bl	0xffffffffffbfc658 <f_841688+0xffffffffffbf83b8>
    3f64: 6b2022bf     	cmp	w21, w0, uxth
    3f68: d65f03c0     	ret

0000000000003f6c <f_7fe4bc>:
    3f6c: a8c257fe     	ldp	x30, x21, [sp], #0x20
    3f70: 17fea71f     	b	0xfffffffffffadbec <f_841688+0xfffffffffffa994c>
    3f74: f81e0ffe     	str	x30, [sp, #-0x20]!
    3f78: a9014ff4     	stp	x20, x19, [sp, #0x10]
    3f7c: 52979d08     	mov	w8, #0xbce8             // =48360
    3f80: aa0003f3     	mov	x19, x0
    3f84: 8b080014     	add	x20, x0, x8
    3f88: 97fdfd14     	bl	0xfffffffffff833d8 <f_841688+0xfffffffffff7f138>
    3f8c: 52973c88     	mov	w8, #0xb9e4             // =47588
    3f90: 78686a60     	ldrh	w0, [x19, x8]
    3f94: 97efd98f     	bl	0xffffffffffbfa5d0 <f_841688+0xffffffffffbf6330>
    3f98: b4000140     	cbz	x0, 0x3fc0 <f_7fe4bc+0x54>
    3f9c: b9405008     	ldr	w8, [x0, #0x50]
    3fa0: 52800029     	mov	w9, #0x1                // =1
    3fa4: 7100791f     	cmp	w8, #0x1e
    3fa8: 1ac82128     	lsl	w8, w9, w8
    3fac: 5281ab09     	mov	w9, #0xd58              // =3416
    3fb0: 72a80089     	movk	w9, #0x4004, lsl #16
    3fb4: 0a090108     	and	w8, w8, w9
    3fb8: 7a409904     	ccmp	w8, #0x0, #0x4, ls
    3fbc: 540000e0     	b.eq	0x3fd8 <f_7fe4bc+0x6c>
    3fc0: f9400280     	ldr	x0, [x20]
    3fc4: 2a1f03e1     	mov	w1, wzr
    3fc8: 528001e2     	mov	w2, #0xf                // =15
    3fcc: a9414ff4     	ldp	x20, x19, [sp, #0x10]
    3fd0: f84207fe     	ldr	x30, [sp], #0x20
    3fd4: 17f8d622     	b	0xffffffffffe3985c <f_841688+0xffffffffffe355bc>
    3fd8: 6f00e400     	movi	v0.2d, #0000000000000000
    3fdc: 52841708     	mov	w8, #0x20b8             // =8376
    3fe0: 72a00028     	movk	w8, #0x1, lsl #16
    3fe4: 3ca86a60     	str	q0, [x19, x8]
    3fe8: 52841508     	mov	w8, #0x20a8             // =8360
    3fec: 72a00028     	movk	w8, #0x1, lsl #16
    3ff0: 52841309     	mov	w9, #0x2098             // =8344
    3ff4: 72a00029     	movk	w9, #0x1, lsl #16
    3ff8: 3ca86a60     	str	q0, [x19, x8]
    3ffc: 52841108     	mov	w8, #0x2088             // =8328
    4000: 72a00028     	movk	w8, #0x1, lsl #16
    4004: 3ca86a60     	str	q0, [x19, x8]
    4008: 52840f08     	mov	w8, #0x2078             // =8312
    400c: d65f03c0     	ret

0000000000004010 <f_8090ec>:
    4010: f84107fe     	ldr	x30, [sp], #0x10
    4014: d65f03c0     	ret
    4018: d65f03c0     	ret
    401c: 6dbb23e9     	stp	d9, d8, [sp, #-0x50]!
    4020: f9000bfe     	str	x30, [sp, #0x10]
    4024: a9025ff8     	stp	x24, x23, [sp, #0x20]
    4028: a90357f6     	stp	x22, x21, [sp, #0x30]
    402c: a9044ff4     	stp	x20, x19, [sp, #0x40]
    4030: 52973c88     	mov	w8, #0xb9e4             // =47588
    4034: 8b080016     	add	x22, x0, x8
    4038: aa0003f3     	mov	x19, x0
    403c: 794002c0     	ldrh	w0, [x22]
    4040: 97efae81     	bl	0xffffffffffbefa44 <f_841688+0xffffffffffbeb7a4>
    4044: b4000f20     	cbz	x0, 0x4228 <f_841588+0x2c>
    4048: bd402800     	ldr	s0, [x0, #0x28]
    404c: aa0003f4     	mov	x20, x0
    4050: f84542d5     	ldur	x21, [x22, #0x54]
    4054: f9402418     	ldr	x24, [x0, #0x48]
    4058: 7e21d808     	ucvtf	s8, s0
    405c: 97ef9942     	bl	0xffffffffffbea564 <f_841688+0xffffffffffbe62c4>
    4060: d000c9d7     	adrp	x23, 0x193e000 <f_841688+0x1939d60>
    4064: f9432ef7     	ldr	x23, [x23, #0x658]
    4068: 2a1f03e2     	mov	w2, wzr
    406c: 1e230000     	ucvtf	s0, w0
    4070: aa1303e0     	mov	x0, x19
    4074: f94002e8     	ldr	x8, [x23]
    4078: 3d680901     	ldr	b1, [x8, #0xa02]
    407c: 1e280800     	fmul	s0, s0, s8
    4080: 7e21d821     	ucvtf	s1, s1
    4084: 1e211800     	fdiv	s0, s0, s1
    4088: 1e390001     	fcvtzu	w1, s0
    408c: 97fe3653     	bl	0xfffffffffff919d8 <f_841688+0xfffffffffff8d738>
    4090: bd402ec8     	ldr	s8, [x22, #0x2c]
    4094: 52800ac1     	mov	w1, #0x56               // =86
    4098: aa1303e0     	mov	x0, x19
    409c: 97fe3af7     	bl	0xfffffffffff92c78 <f_841688+0xfffffffffff8e9d8>
    40a0: f9400268     	ldr	x8, [x19]
    40a4: 1e2703e9     	fmov	s9, wzr
    40a8: 7100001f     	cmp	w0, #0x0
    40ac: aa1303e0     	mov	x0, x19
    40b0: d65f03c0     	ret

00000000000040b4 <f_841334>:
    40b4: b40007e0     	cbz	x0, 0x41b0 <f_841438+0x58>
    40b8: aa0003f5     	mov	x21, x0
    40bc: 97fd512d     	bl	0xfffffffffff58570 <f_841688+0xfffffffffff542d0>
    40c0: 34000780     	cbz	w0, 0x41b0 <f_841438+0x58>
    40c4: aa1503e0     	mov	x0, x21
    40c8: 97fd5631     	bl	0xfffffffffff5998c <f_841688+0xfffffffffff556ec>
    40cc: 7100001f     	cmp	w0, #0x0
    40d0: 5400070c     	b.gt	0x41b0 <f_841438+0x58>
    40d4: 52973c88     	mov	w8, #0xb9e4             // =47588
    40d8: 8b0802b7     	add	x23, x21, x8
    40dc: 794002e1     	ldrh	w1, [x23]
    40e0: 900092c2     	adrp	x2, 0x125c000 <f_841688+0x1257d60>
    40e4: 912aa042     	add	x2, x2, #0xaa8
    40e8: aa1503e0     	mov	x0, x21
    40ec: 97fd50dd     	bl	0xfffffffffff58460 <f_841688+0xfffffffffff541c0>
    40f0: 35000600     	cbnz	w0, 0x41b0 <f_841438+0x58>
    40f4: 794002e1     	ldrh	w1, [x23]
    40f8: 90009382     	adrp	x2, 0x1274000 <f_841688+0x126fd60>
    40fc: 9104e042     	add	x2, x2, #0x138
    4100: aa1503e0     	mov	x0, x21
    4104: 97fd50d7     	bl	0xfffffffffff58460 <f_841688+0xfffffffffff541c0>
    4108: 35000540     	cbnz	w0, 0x41b0 <f_841438+0x58>
    410c: 794002e1     	ldrh	w1, [x23]
    4110: f0009062     	adrp	x2, 0x1213000 <f_841688+0x120ed60>
    4114: 9106bc42     	add	x2, x2, #0x1af
    4118: aa1503e0     	mov	x0, x21
    411c: 97fd50d1     	bl	0xfffffffffff58460 <f_841688+0xfffffffffff541c0>
    4120: 35000480     	cbnz	w0, 0x41b0 <f_841438+0x58>
    4124: 794002e1     	ldrh	w1, [x23]
    4128: b0009622     	adrp	x2, 0x12c9000 <f_841688+0x12c4d60>
    412c: 9119c842     	add	x2, x2, #0x672
    4130: aa1503e0     	mov	x0, x21
    4134: 97fd50cb     	bl	0xfffffffffff58460 <f_841688+0xfffffffffff541c0>
    4138: 350003c0     	cbnz	w0, 0x41b0 <f_841438+0x58>
    413c: b94162a9     	ldr	w9, [x21, #0x160]
    4140: 910063e1     	add	x1, sp, #0x18
    4144: 9100c3e2     	add	x2, sp, #0x30
    4148: f940aea8     	ldr	x8, [x21, #0x158]
    414c: b9003be9     	str	w9, [sp, #0x38]
    4150: d000c809     	adrp	x9, 0x1906000 <f_841688+0x1901d60>
    4154: d65f03c0     	ret

0000000000004158 <f_841438>:
    4158: b40007e0     	cbz	x0, 0x4254 <f_841588+0x58>
    415c: aa0003f5     	mov	x21, x0
    4160: 97fd50ec     	bl	0xfffffffffff58510 <f_841688+0xfffffffffff54270>
    4164: 34000780     	cbz	w0, 0x4254 <f_841588+0x58>
    4168: aa1503e0     	mov	x0, x21
    416c: 97fd55f0     	bl	0xfffffffffff5992c <f_841688+0xfffffffffff5568c>
    4170: 7100001f     	cmp	w0, #0x0
    4174: 5400070c     	b.gt	0x4254 <f_841588+0x58>
    4178: 52973c88     	mov	w8, #0xb9e4             // =47588
    417c: 8b0802b7     	add	x23, x21, x8
    4180: 794002e1     	ldrh	w1, [x23]
    4184: 900092c2     	adrp	x2, 0x125c000 <f_841688+0x1257d60>
    4188: 912aa042     	add	x2, x2, #0xaa8
    418c: aa1503e0     	mov	x0, x21
    4190: 97fd509c     	bl	0xfffffffffff58400 <f_841688+0xfffffffffff54160>
    4194: 35000600     	cbnz	w0, 0x4254 <f_841588+0x58>
    4198: 794002e1     	ldrh	w1, [x23]
    419c: 90009382     	adrp	x2, 0x1274000 <f_841688+0x126fd60>
    41a0: 9104e042     	add	x2, x2, #0x138
    41a4: aa1503e0     	mov	x0, x21
    41a8: 97fd5096     	bl	0xfffffffffff58400 <f_841688+0xfffffffffff54160>
    41ac: 35000540     	cbnz	w0, 0x4254 <f_841588+0x58>
    41b0: 794002e1     	ldrh	w1, [x23]
    41b4: f0009062     	adrp	x2, 0x1213000 <f_841688+0x120ed60>
    41b8: 9106bc42     	add	x2, x2, #0x1af
    41bc: aa1503e0     	mov	x0, x21
    41c0: 97fd5090     	bl	0xfffffffffff58400 <f_841688+0xfffffffffff54160>
    41c4: 35000480     	cbnz	w0, 0x4254 <f_841588+0x58>
    41c8: 794002e1     	ldrh	w1, [x23]
    41cc: b0009622     	adrp	x2, 0x12c9000 <f_841688+0x12c4d60>
    41d0: 9119c842     	add	x2, x2, #0x672
    41d4: aa1503e0     	mov	x0, x21
    41d8: 97fd508a     	bl	0xfffffffffff58400 <f_841688+0xfffffffffff54160>
    41dc: 350003c0     	cbnz	w0, 0x4254 <f_841588+0x58>
    41e0: b94162a9     	ldr	w9, [x21, #0x160]
    41e4: 910063e1     	add	x1, sp, #0x18
    41e8: 9100c3e2     	add	x2, sp, #0x30
    41ec: f940aea8     	ldr	x8, [x21, #0x158]
    41f0: b9003be9     	str	w9, [sp, #0x38]
    41f4: d000c809     	adrp	x9, 0x1906000 <f_841688+0x1901d60>
    41f8: d65f03c0     	ret

00000000000041fc <f_841588>:
    41fc: 9400fada     	bl	0x42d64 <f_841688+0x3eac4>
    4200: b40007c0     	cbz	x0, 0x42f8 <f_841688+0x58>
    4204: b94e9408     	ldr	w8, [x0, #0xe94]
    4208: aa0003f5     	mov	x21, x0
    420c: 7100711f     	cmp	w8, #0x1c
    4210: 54000060     	b.eq	0x421c <f_841588+0x20>
    4214: 7100651f     	cmp	w8, #0x19
    4218: 54000701     	b.ne	0x42f8 <f_841688+0x58>
    421c: 52973c88     	mov	w8, #0xb9e4             // =47588
    4220: 8b0802b7     	add	x23, x21, x8
    4224: 794002e1     	ldrh	w1, [x23]
    4228: 900092c2     	adrp	x2, 0x125c000 <f_841688+0x1257d60>
    422c: 912aa042     	add	x2, x2, #0xaa8
    4230: aa1503e0     	mov	x0, x21
    4234: 97fd5048     	bl	0xfffffffffff58354 <f_841688+0xfffffffffff540b4>
    4238: 35000600     	cbnz	w0, 0x42f8 <f_841688+0x58>
    423c: 794002e1     	ldrh	w1, [x23]
    4240: 90009382     	adrp	x2, 0x1274000 <f_841688+0x126fd60>
    4244: 9104e042     	add	x2, x2, #0x138
    4248: aa1503e0     	mov	x0, x21
    424c: 97fd5042     	bl	0xfffffffffff58354 <f_841688+0xfffffffffff540b4>
    4250: 35000540     	cbnz	w0, 0x42f8 <f_841688+0x58>
    4254: 794002e1     	ldrh	w1, [x23]
    4258: f0009062     	adrp	x2, 0x1213000 <f_841688+0x120ed60>
    425c: 9106bc42     	add	x2, x2, #0x1af
    4260: aa1503e0     	mov	x0, x21
    4264: 97fd503c     	bl	0xfffffffffff58354 <f_841688+0xfffffffffff540b4>
    4268: 35000480     	cbnz	w0, 0x42f8 <f_841688+0x58>
    426c: 794002e1     	ldrh	w1, [x23]
    4270: b0009622     	adrp	x2, 0x12c9000 <f_841688+0x12c4d60>
    4274: 9119c842     	add	x2, x2, #0x672
    4278: aa1503e0     	mov	x0, x21
    427c: 97fd5036     	bl	0xfffffffffff58354 <f_841688+0xfffffffffff540b4>
    4280: 350003c0     	cbnz	w0, 0x42f8 <f_841688+0x58>
    4284: b94162a9     	ldr	w9, [x21, #0x160]
    4288: 910063e1     	add	x1, sp, #0x18
    428c: 9100c3e2     	add	x2, sp, #0x30
    4290: f940aea8     	ldr	x8, [x21, #0x158]
    4294: b9003be9     	str	w9, [sp, #0x38]
    4298: d000c809     	adrp	x9, 0x1906000 <f_841688+0x1901d60>
    429c: d65f03c0     	ret

00000000000042a0 <f_841688>:
    42a0: 9400fa9a     	bl	0x42d08 <f_841688+0x3ea68>
    42a4: b40007c0     	cbz	x0, 0x439c <f_841688+0xfc>
    42a8: b94e9408     	ldr	w8, [x0, #0xe94]
    42ac: aa0003f5     	mov	x21, x0
    42b0: 7100711f     	cmp	w8, #0x1c
    42b4: 54000060     	b.eq	0x42c0 <f_841688+0x20>
    42b8: 7100651f     	cmp	w8, #0x19
    42bc: 54000701     	b.ne	0x439c <f_841688+0xfc>
    42c0: 52973c88     	mov	w8, #0xb9e4             // =47588
    42c4: 8b0802b7     	add	x23, x21, x8
    42c8: 794002e1     	ldrh	w1, [x23]
    42cc: 900092c2     	adrp	x2, 0x125c000 <f_841688+0x1257d60>
    42d0: 912aa042     	add	x2, x2, #0xaa8
    42d4: aa1503e0     	mov	x0, x21
    42d8: 97fd5008     	bl	0xfffffffffff582f8 <f_841688+0xfffffffffff54058>
    42dc: 35000600     	cbnz	w0, 0x439c <f_841688+0xfc>
    42e0: 794002e1     	ldrh	w1, [x23]
    42e4: 90009382     	adrp	x2, 0x1274000 <f_841688+0x126fd60>
    42e8: 9104e042     	add	x2, x2, #0x138
    42ec: aa1503e0     	mov	x0, x21
    42f0: 97fd5002     	bl	0xfffffffffff582f8 <f_841688+0xfffffffffff54058>
    42f4: 35000540     	cbnz	w0, 0x439c <f_841688+0xfc>
    42f8: 794002e1     	ldrh	w1, [x23]
    42fc: f0009062     	adrp	x2, 0x1213000 <f_841688+0x120ed60>
    4300: 9106bc42     	add	x2, x2, #0x1af
    4304: aa1503e0     	mov	x0, x21
    4308: 97fd4ffc     	bl	0xfffffffffff582f8 <f_841688+0xfffffffffff54058>
    430c: 35000480     	cbnz	w0, 0x439c <f_841688+0xfc>
    4310: 794002e1     	ldrh	w1, [x23]
    4314: b0009622     	adrp	x2, 0x12c9000 <f_841688+0x12c4d60>
    4318: 9119c842     	add	x2, x2, #0x672
    431c: aa1503e0     	mov	x0, x21
    4320: 97fd4ff6     	bl	0xfffffffffff582f8 <f_841688+0xfffffffffff54058>
    4324: 350003c0     	cbnz	w0, 0x439c <f_841688+0xfc>
    4328: b94162a9     	ldr	w9, [x21, #0x160]
    432c: 910063e1     	add	x1, sp, #0x18
    4330: 9100c3e2     	add	x2, sp, #0x30
    4334: f940aea8     	ldr	x8, [x21, #0x158]
    4338: b9003be9     	str	w9, [sp, #0x38]
    433c: d000c809     	adrp	x9, 0x1906000 <f_841688+0x1901d60>
    4340: d65f03c0     	ret
